direction,item,source_system,object,columns,key,timestamp,refresh,used_by,quality_risk,status,evidence
"입력","미배차 수요 버킷(작업 후보)","Oracle TOSADM → Postgres","live_candidate","qc; queuename; vessel; jobtype; src_block; rtg; n; as_of_ts","(queuename, vessel, jobtype, src_block) 집계","as_of_ts = 추출 시각(UTC)","wp-workpool 타이머 90초 · 매 tick DELETE 후 전량 재삽입","stage2_work_candidates → spawn_stage2_shadow(Stage-2 작업 후보)","JOBSTATUS='Q' AND YTNO 공백 조건 + CRE_DT 2일 창 밖 작업 누락; 트윈은 twinkey로 1대 수요 합산; 행수 캡 없음","확인","crates/extractor/src/workpool.rs:262-345; crates/extractor/sql/workpool.sql:14-38; db/migrations/0013_candidate.sql:1-21"
"입력","배차된 진행중 무브(작업풀 미러)","Oracle TOSADM → Postgres","live_workpool","queuename; vessel; jobtype; yt_status; ytno; armgc; etw_ts; actv_ts; upd_ts; contno; yt_topos; twintandem","(qc, queuename, ytno) 사실상","upd_ts ≈ TOS 배차시각(D_tos) 근사 / etw_ts=작업예정 / actv_ts=오더 활성","90초 전량 교체(DELETE 후 재삽입)","work-ETA 계산, dispatch_compare, fair_compare","upd_ts의 배차시각 근사 오차 미측정; queuename 재사용으로 Oracle 조인 회피; twinkey는 조회하나 저장 안 함; 전량 교체라 과거 큐 이력 없음","추정","crates/extractor/src/workpool.rs:265-300; crates/extractor/sql/workpool.sql:22-38; crates/extractor/src/workpool.rs:282-298"
"입력","QC 큐 계획·진행","Oracle TOSADM.JOB_QUEUE_SCHEDULE → Postgres","live_workqueue","qc; vessel; voyage; queuename; disload; seq; total_qty; comp_qty; plan_qty","(qc, vessel, queuename)","as_of_ts / 원천 UPD_DT(반영시각)","90초 전량 교체","work-ETA(순번·잔여), Stage-1 긴급도","seq 재계획 시 원거리 ETA 신뢰도 저하(코드 주석); JOB_QUE_ACTIVEYN이 실무상 NULL이라 필터 불가; queuename 재사용 fan-out 위험","확인","crates/extractor/src/workpool.rs:198-220; crates/extractor/sql/workqueue.sql:7-23"
"입력","선박 일정(마감 원천)","Oracle TOSADM.VSB_VOYAGE → Postgres","live_vessel_schedule","estber_ts; estwkc_ts; estdep_ts; cutoff_ts; actber_ts; actdep_ts; disvan; loadvan; (scengen 추가) berthside; startpos","(vessel, voyage)","MYT 문자열(DATE+TIME 결합) → UTC 변환; EST*=계획 / ACT*=실적","90초 전량 교체 · 창 = ESTDEP SYSDATE-2 ~ +10일","build_workpool의 deadline/slack/work-ETA, scenario.vessel_call","ESTWKC가 비현실적인 경우가 잦아 '출항 0~6시간 전'에만 신뢰하는 가드 존재; 취소 항차는 NVL(CANCEL,'N') 필터 의존","확인","crates/extractor/src/workpool.rs:226-256; crates/api/src/workpool.rs:416-424; crates/extractor/sql/vessel_schedule.sql:6-22"
"입력","컨테이너별 정확 ETW","Azure tos_etw_gateway (HTTP REST, SSH 터널 경유 · Oracle 아님)","GET /v1/voyages/{vessel}/{voyage}/snapshot → tos_etw_cntr","vessel; voyage; cntr_no; dis_ld; qc_etw_utc; vessel_etw_utc; fetched_at_utc; expires_at_utc","(vessel, voyage, cntr_no)","qc_etw_utc / vessel_etw_utc (UTC), fetched/expires=신선도","90초 workpool 틱마다 curl -m 8 · live_workpool에 있는 컨테이너만 · 2시간 미갱신행 DELETE","작업 front 정렬(etw_accurate 우선), dispatch_pred_sample","curl 실패 시 warn 로그만 남기고 조용히 스킵(열화 감지 곤란); 환경변수 키 ETW_GATEWAY_URL(값 <redacted>); wp-etw-bridge 터널 유닛이 저장소에 없음","확인","crates/extractor/src/workpool.rs:111-170; crates/extractor/src/workpool.rs:115-168"
"입력","TT 실시간 위치·미션(GPS fix)","WebSocket zone wpt_gps (로컬 SSH 터널)","LiveMap.devices (인메모리)","lat; lon; speed; engine_on; accuracy; fuel_level; batt; nett; distance; dtime; cls; latched_*","장비 ID(ytno, 예: TT1074)","수신(ingest) 시각 Utc::now(); 소스 dtime은 문자열 통과만 하고 미저장","이벤트 스트림 · TT p50 3초 / p90 30초 · STALE_AFTER_S=120초","classify_tt → Stage-2 후보 차량, positions API, 사이클 검출, 위치 이력 3종","GPS 단말이 이동 시에만 보고 → 정차 시 침묵(유휴 onset·큐 대기·정밀 도착 구조적 관측 불가); (0,0) fix 폐기·600m 단일 스텝 무시 등 다층 방어 필요","확인","crates/api/src/livemap.rs:3186-3245; crates/api/src/livemap.rs:4199-4241; crates/api/src/livemap.rs:3005-3092"
"입력","GPS 작업 컨텍스트 필드","WebSocket zone wpt_gps (동일 프레임)","gps_update","jobtype; vslname; container1; container2; cur_loc; topos1; topos2; arrival; arr_dtime","장비 ID","arr_dtime(HH:MM:SS MYT)이 유일하게 파싱되는 소스 시각 → leg.arrived_ms 승격","동일 스트림 · 결측 시 latched 값 유지","사이클 v1/v2 단계, 도착 판정, 작업지점 학습, tt_wp_arrival.arrived_at","필드 결측이 잦아 latch 필요; 정차 트럭은 갱신 없음; 단말 로컬시계 오차가 그대로 도착시각으로 유입(검증 로직 없음)","확인","crates/api/src/livemap.rs:3226-3243; crates/api/src/livemap.rs:3330-3339; crates/api/src/livemap.rs:3774-3796"
"입력","크레인 PLC 하중·트롤리 상태","WebSocket zone ctab","plc_data → positions의 PlcOut","crane; load; lock; land; hpos; tpos","crane id (C/M/Z, TOS QC 번호와 동일)","수신 시각","이벤트 · 크레인당 약 1초","QC 가동 배지, LD 핸드오버 엣지(qc_handover_edge), QC starvation 판정","RTG에는 PLC가 없어 DS 측은 GPS 근접(약 16%)에만 의존 — 적하/양하 관측 비대칭; identify만 하고 checkin 없음","확인","crates/api/src/livemap.rs:3094-3170; db/migrations/0086_rtg_pos_hist.sql:1-8"
"입력","운전자 식별정보(개인정보)","WebSocket GPS 피드","gps_update.userid → /api/livemap/positions","userid = 운전자 ID + 전화번호 (HTML <br/> 포함 원문)","ytno(차량) 기준","메시지 수신 시각(last_seen_ms)","GPS 메시지마다 인메모리 갱신","web/src/LiveVehicleDetail.tsx 상세 패널 '운전자' 행","마스킹 없음 · 인증 없는 API로 노출; clean_driver는 HTML 정리만 수행; DB 영속 저장은 마이그레이션에서 확인되지 않음","확인","crates/api/src/livemap.rs:3233; crates/api/src/livemap.rs:3808-3812; crates/api/src/livemap.rs:1120; web/src/LiveVehicleDetail.tsx:166"
"입력","터미널 날씨(시간별/1분)","Open-Meteo / Tomorrow.io (공용 인터넷 API)","weather_hourly / weather_1min","precipitation; wind_speed_10m; visibility; weather_code","ts (UTC 시각)","UTC 시간 버킷 · past_days=1 자가치유","Open-Meteo 1시간 / Tomorrow.io 3분 · curl 호출","이동시간 모델 피처","Tomorrow.io 무료 한도(문서상 500/일·25/시) 초과 시 결측; 환경변수 키 TOMORROW_API_KEY(값 <redacted>); 폐쇄망 이관 시 대체 소스 필요","확인","crates/extractor/src/weather.rs:1-40; crates/extractor/src/weather.rs:73-99"
"입력","JOB_ORDER_LIST (라이브 작업풀)","Oracle TOSADM","TOSADM.JOB_ORDER_LIST","JOB_ODR_QUEUENAME/VESSEL/VOYAGE/JOBTYPE/JOBSTATUS/YT_STATUS/YTNO/ARMGC/ETW_DT/ACTV_DT/CONTNO/MSNSEQ/YT_TOPOS/TWINTANDEM/TWINKEY; CRNT_PSN_IDX_NO1; YT_TO_PSN_IDX_NO1; UPD_DT; CRE_DT; COMPDATE","업무키 (QUEUENAME, VESSEL, CONTNO, MSNSEQ); 조인키 CONTNO/YTNO/QUEUENAME","ETW_DT=예상작업시각(계획) / ACTV_DT=활성화(발생) / UPD_DT=행 최종수정(반영·배차시각 근사) / CRE_DT=생성","폴링 90초 (wp-workpool.timer) · 행수 캡 없음","live_workpool / live_candidate","JOBSTATUS A·Q만 취득해 P(계획)·B(블록) 제외; CRE_DT 2일 창 밖 미완료 행 누락; twinkey는 live_workpool에 저장 안 됨; 캡이 없는 유일한 쿼리인데 반환 행수 실측 없음","확인","crates/extractor/sql/workpool.sql:14-38; crates/extractor/src/workpool.rs:1-10; deploy/systemd/wp-workpool.timer:5-7"
"입력","JOB_ORDER_LIST (배차된 TT 전종)","Oracle TOSADM","TOSADM.JOB_ORDER_LIST → live_assigned_tt","JOB_ODR_YTNO; JOB_ODR_JOBSTATUS; JOB_ODR_COMPDATE; CRE_DT","YTNO (DISTINCT)","CRE_DT >= TRUNC(SYSDATE)-2","폴링 90초 (wp-workpool.timer)","가동률 분자/분모","작업이 없는 유휴 트럭은 TOS에 보이지 않아 유휴 여유분 관측 불가(SQL 주석에 명시)","확인","crates/extractor/sql/assigned_tt.sql:7-13"
"입력","JOB_QUEUE_SCHEDULE (QC 작업큐 계획)","Oracle TOSADM","TOSADM.JOB_QUEUE_SCHEDULE","JOB_QUE_CRANENO/VESSEL/VOYAGE/QUEUENAME/DISLOAD/SEQ/TOTALQTY/COMPQTY/PLANQTY; DELT_FLG; UPD_DT","(qc, vessel, queuename)","UPD_DT(반영시각) · 1일 이내 미완료 또는 6시간 내 완료","폴링 90초 (wp-workpool.timer)","live_workqueue (QC별 베이 진행률)","JOB_QUE_ACTIVEYN이 실무상 NULL이라 필터 불가; queuename이 선박·항차 간 재사용돼 조인 fan-out 위험","확인","crates/extractor/sql/workqueue.sql:7-23"
"결과피드백","JOB_ORDER_HISTORY (완료 핸드오버 라벨)","Oracle TOSADM","TOSADM.JOB_ORDER_HISTORY → tos_handover_label","JOB_HIST_YTNO/ARMGC/JOBTYPE/CONTNO/POINT/SEQNO/DATE/TIME/ACTV_DT/YT_TOPOS; YT_DIS_DT; JOB_HIST_JOBSTATUS","(CONTNO, POINT, SEQNO)","JOB_HIST_DATE||TIME=완료 이벤트(발생) / YT_DIS_DT=배차 / ACTV_DT=활성화","폴링 60초 · 워터마크 증분 (wp-handover.timer) · FETCH_CAP 3000","곧빔 정답지, tt_move_log 스파인, 자가보정 학습","상한 시각 조건이 없어 워터마크가 밀리면 스캔 범위 확대; JOBSTATUS='C'만 취득; 원천 보존 약 15일이라 깊은 백필 불가; 캡 도달 경보 없음; ON CONFLICT DO NOTHING이라 후속 갱신 무시","확인","crates/extractor/src/handover.rs:43-68; crates/extractor/src/handover.rs:82-87; deploy/systemd/wp-handover.timer:5-7"
"입력","JOB_ORDER_HISTORY (K_RTG_Q 일/시간별)","Oracle TOSADM","TOSADM.JOB_ORDER_HISTORY → raw_k_crane_q / raw_k_crane_q_hour","JOB_HIST_DATE/JOBTYPE/ARMGC/VESSEL/VOYAGE/TIME; YT_DIS_DT; JOB_HIST_ACTV_DT","집계(work_date × jobtype), 시간별은 SUBSTR(TIME,1,2)","crane_q = ACTV_DT - YT_DIS_DT (0~1800초만 유효)","폴링: 야간 1회(wp-nightly) + tick-t2 20분 + shift-t2 15분","K_RTG_Q KPI","음수·30분 초과 이상치를 별도 카운트할 만큼 흔함; 오래된 날짜는 YT_DIS_DT/ACTV_DT가 희소해 0행","확인","crates/extractor/sql/c08_k_crane_q.sql:5-35; crates/extractor/sql/e5_k_crane_q_by_hour.sql:4-36"
"입력","JOB_ORDER_HISTORY (공차거리 K_EMPTY)","Oracle TOSADM","TOSADM.JOB_ORDER_HISTORY → raw_k_empty","JOB_HIST_DATE/JOBTYPE/CONTNO/POINT/SEQNO/TIME; CRNT_PSN_IDX_NO1; LNDN_TRV_RNG; UN_LNDN_TRV_RNG","(DATE, JOBTYPE, CONTNO, POINT, SEQNO)","JOB_HIST_TIME 첫 이벤트 시각으로 교대(Night/Day/Evening) 판정","폴링: 야간 + tick-t2 20분 + shift-t2 15분 (약 240K행 PK 범위스캔)","K_EMPTY / K_EMPTY_R","거리 0~5000m 밖은 통째 제외, HAVING>=50건 필터로 표본 적은 조합 소멸","확인","crates/extractor/sql/e4_k_empty_decomposition.sql:4-39"
"입력","JOB_ORDER_HISTORY (컨테이너 처리 스팬 K_CYCLE)","Oracle TOSADM","TOSADM.JOB_ORDER_HISTORY → raw_k_cycle","JOB_HIST_JOBTYPE/CONTNO/POINT/SEQNO/DATE/TIME","(JOBTYPE, CONTNO, POINT, SEQNO)","MIN~MAX(DATE||TIME) 차이 = cycle_sec","폴링: 야간 + tick-t2 + shift-t2","raw_k_cycle","TT 싸이클이 아니라 컨테이너 처리 스팬(코드 주석의 명시적 경고); transitions>1인 건만; 평균+2SD 이상치 별도 카운트","확인","crates/extractor/sql/e3b_k_cycle_refined_v2.sql:4-53"
"입력","JOB_ORDER_HISTORY (시나리오 무브 이력)","Oracle TOSADM","TOSADM.JOB_ORDER_HISTORY → scenario.move_hist","JOB_HIST_CONTNO/JOBTYPE/VESSEL/VOYAGE/ARMGC; SUBSTR(JOB_HIST_YT_TOPOS,1,40); DATE||TIME","(contno, comp_ts, jobtype)","DATE||TIME 완료 이벤트 (워터마크 하한 + now 상한)","폴링 10분 · 워터마크 증분 (wp-scenario-collect.timer) · FETCH_CAP 5000 · 킬스위치","시나리오/에뮬레이터 JSON","JOBSTATUS='C' DS/LD만 — 야드 이동(MI/MO/LC)은 시나리오에 없음; 캡 도달 시 gen_event에 warn 기록","확인","crates/scengen/src/collect.rs:66-110; crates/scengen/src/collect.rs:133-152"
"입력","MCH_OPERATION (QC 무브 스트림)","Oracle TOSADM","TOSADM.MCH_OPERATION → qc_move_log","MCH_OPER_MACHNO/CONTNO/SEQNO/JOBTYPE/COMPDATE/COMPTIME/STATUS; TRK_ID; ST_DT","(machno, contno, seqno)","ST_DT=무브 시작 / COMPDATE||COMPTIME=완료(물리 핸드오버 시점)","폴링 5분 · 워터마크 증분 (wp-qc-moves.timer) · FETCH_CAP 5000","tt_move_log, 싸이클 정답지, 핸드오버 검증","당일 COMPDATE 등가조건이라 자정 넘긴 정지는 영구 복구 불가; STATUS F/M 코드값; 캡 도달 경보 없음; 지식센터 추출 문서에 미기재","확인","crates/extractor/src/qc_moves.rs:53-65; crates/extractor/src/qc_moves.rs:59-64; kc/data/tos-extraction.html:160-180"
"입력","MCH_OPERATION (RTG/ES 무브 스트림)","Oracle TOSADM","TOSADM.MCH_OPERATION → rtg_move_log","MCH_OPER_MACHNO(LIKE 'RTG%'/'ES%')/CONTNO/SEQNO/JOBTYPE/COMPDATE/COMPTIME/STATUS; TRK_ID; ST_DT","(machno, contno, seqno)","ST_DT / COMPDATE||COMPTIME","폴링 5분 · 워터마크 증분 (wp-rtg-moves.timer, qc와 약 90초 오프셋) · FETCH_CAP 5000","rtg_move_log (야드 크레인 백로그·대기예측 피처), tt_move_log 결합","DS 핸드오버는 RTG 무브의 약 20%뿐(나머지는 리셔플/게이트); 당일 등가조건으로 자정 경계 복구 불가","확인","crates/extractor/src/rtg_moves.rs:53-65; crates/extractor/src/rtg_moves.rs:36-64"
"입력","MCH_OPERATION (야드 스택위치 디코드)","Oracle TOSADM","TOSADM.MCH_OPERATION → scenario.yard_move","MACHNO/CONTNO/SEQNO/JOBTYPE/COMPDATE/COMPTIME; CRNT_PSN_IDX_NO1~NO4","(machno, contno, seqno)","COMPDATE||COMPTIME","폴링 5분 · 워터마크 증분 (wp-scenario-yard.timer) · FETCH_CAP 8000 · 킬스위치","scenario.yard_cell 재구성","NO1=블록·NO2=베이·NO3=row(A=0)·NO4+1=tier 디코드 근거가 CYY.CLOCATION 대조 주석뿐","추정","crates/scengen/src/yard.rs:49-63"
"입력","MCH_OPERATION (K_MPH 실시간)","Oracle TOSADM","TOSADM.MCH_OPERATION → raw_k_mph_realtime","MCH_OPER_VESSEL/VOYAGE/MACHNO/JOBTYPE/COMPDATE/COMPTIME/CONTNO; TRK_ID","(vessel, voyage, qc_machno) 집계","COMPDATE 등가 + 교대 창 BETWEEN","폴링: shift-t1 3분 + tick-t1 5분 + 야간","vessel_shift 패널, K_MPH","QC 정규식 ^C[0-9]+$ 만 대상이라 M/Z 프리픽스 크레인 누락 — qc_move_time(C/M/Z)과 기준 불일치","확인","crates/extractor/sql/c07_k_mph_realtime.sql:5-25"
"입력","MCH_OPERATION (K_TT_CYCLE)","Oracle TOSADM","TOSADM.MCH_OPERATION → raw_k_tt_cycle","TRK_ID; MCH_OPER_JOBTYPE; COMPDATE||COMPTIME; MACHNO","TRK_ID별 연속 무브 간격","완료시각 간 LAG 차이 (120~1200초만 채택)","폴링: shift-t1 3분 + tick-t1 5분 + 야간","프론트 K_CYCLE","120~1200초 밖 싸이클을 잘라 중앙값이 실제보다 낮게 산출(cycle-time 과소 이슈와 연결)","확인","crates/extractor/sql/c10_k_tt_cycle.sql:8-40"
"입력","MCH_OPERATION (QC/YC 가동률)","Oracle TOSADM","TOSADM.MCH_OPERATION → raw_k_util_crane","MACHNO; ST_DT; COMPDATE||COMPTIME","machno별 병합구간","ST_DT ~ 완료 구간 병합","폴링: 야간 + shift tick (약 90K행)","K_UTIL(크레인)","machine_type을 정규식(^C=QC, RTG%=YC)으로만 판정","확인","crates/extractor/sql/e1c_k_util_crane_merged_intervals.sql:5-51"
"입력","MCH_OPERATION (QC 유휴·트럭대기 K_QC_Q)","Oracle TOSADM","TOSADM.MCH_OPERATION → raw_k_qc_q","MACHNO/VESSEL/VOYAGE/JOBTYPE/QUEUENAME; ST_DT; COMPDATE||COMPTIME","(qc, vessel, voyage) 병합구간 사이 갭","갭 = 다음 시작 - 이전 종료","폴링: shift-t1 3분(HAVING>=2) + 야간(HAVING>=10)","K_QC_NOMOVE / K_QC_TT_WAIT","같은 QUEUENAME 유지 여부로 '진짜 트럭대기'를 근사 — 베이 변경 판정이 큐명 재사용에 취약; 해치커버 과대계산 이슈","추정","crates/extractor/sql/f2_k_qc_q.sql:6-69"
"입력","MCH_OPERATION (QC 처리 cadence 학습)","Oracle TOSADM","TOSADM.MCH_OPERATION → learn_qc_move_time","MACHNO(^[CMZ][0-9]+$); JOBTYPE; COMPDATE||COMPTIME","(qc, jobtype, shift) + ALL 버킷","SYSDATE-3 ~ SYSDATE 롤링 3일창","폴링: 야간 run --kpi all 안에서만 1회","Stage-1 work-ETA 입력","날짜 키 없이 롤링이라 매일 밤 교체 — 과거 시점 재현 불가; 표본<30 조합 소멸","확인","crates/extractor/sql/qc_move_time.sql:7-32"
"입력","MCH_WORKTIME + MCH_WORKSTOP + CDY_MACHINE (TT 가동률)","Oracle TOSADM","TOSADM.MCH_WORKTIME / MCH_WORKSTOP / CDY_MACHINE → raw_k_util_tt","MCH_WORK_MACHNO/START_DT/END_DT/STARTDATE/ENDDATE; MCH_STOP_*; CDY_MCHN_CODE/CDY_MCHN_TYPE='YT'","machno","세션 시작/종료(발생) · 창 밖은 GREATEST/LEAST 클리핑","폴링: 야간 1회 (일중 tick에서는 의도적 제외)","K_UTIL(TT)","오퍼레이터 로그아웃 누락으로 세션 겹침(logout_anomaly 플래그) → 구간병합 보정; 현재 교대 K_UTIL은 Oracle 대신 Postgres util_tt_sample로 대체","확인","crates/extractor/sql/e3a_k_util_tt_merged.sql:9-93; crates/extractor/src/shift.rs:127-145"
"입력","VSS_STATISTICS (항차 공식 실적)","Oracle TOSADM","TOSADM.VSS_STATISTICS → raw_k_mph_voyage","VESSEL/VOYAGE/UP_DT/CONFIRM/STTCHK/VAN/TEU/MOVES/SIN_MOV/TWN_MOV/TND_MOV/GROSSTIME/NETTIME/ABERTHTIME/WORKQC/GQCR/NQCR/GBP/NBP","(vessel, voyage)","VSS_STT_UP_DT = 확정/반영시각 · 30일 창","폴링: 야간(k_mph_voyage) + shift-t1 3분(voyage_plan)","K_MPH(항차), 라이브 선박 진행바","진행 중 항차는 MOVES가 NULL이라 VAN을 계획분모로 대체; 숫자 컬럼이 문자형이라 TO_NUMBER ON CONVERSION ERROR 필요","확인","crates/extractor/sql/c06_k_mph_voyage.sql:5-28; crates/extractor/sql/voyage_plan.sql:5-14"
"입력","VSB_VOYAGE (선박 일정·마감 원천)","Oracle TOSADM","TOSADM.VSB_VOYAGE","VESSEL/VOYAGE/STATUS/BERTHNO/ESTBER/ESTWKC/ESTDEP/CUTOFF/ACTBER/ACTDEP/DISVAN/LOADVAN/CANCEL; BERTHSIDE; STARTPOS","(vessel, voyage)","EST*=계획 / ACT*=실적 / CUTOFF=반입마감 (DATE+TIME 문자열 결합)","폴링 90초 (wp-workpool.timer) / scengen enrich 15분","live_vessel_schedule, scenario.vessel_call","취소 항차 필터가 NVL(CANCEL,'N')='N'에 의존; ESTWKC는 별도 가드 필요","확인","crates/extractor/sql/vessel_schedule.sql:6-22; crates/scengen/src/enrich.rs:67-73"
"입력","CDV_VESSEL (선박 제원)","Oracle TOSADM","TOSADM.CDV_VESSEL → scenario.vessel_call","CDV_VSL_CODE/NAME/LENGTH/WIDTH/DRAFT/MAXTEU/TOTALBAY","CDV_VSL_CODE","없음(마스터)","폴링 15분 · 항차당 1회(신규 vessel/voyage 6건/tick 제한) · 킬스위치","시뮬 선석 span","WIDTH·MAXTEU가 실데이터에서 비는 경우 있음; 지식센터 추출 문서에 미기재","확인","crates/scengen/src/enrich.rs:64-79"
"입력","CYY_CONTAINER (현재 야드 재고)","Oracle TOSADM","TOSADM.CYY_CONTAINER → scenario.yard_snapshot / yard_block","CYY_CONT_CLOCATION; CRNT_PSN_IDX_NO1; CYY_CONT_STATUS; CYY_CONT_CONTTYPE; CYY_CONT_ISO; CYY_CONT_DISCHPORT","블록(CLOCATION 첫 토큰) 집계 약 285행","없음 — 캡처 시각(snapshot_ts)은 우리 쪽 Utc::now()","폴링 4시간 (wp-scenario-snapshot.timer) · 킬스위치","시나리오 야드 t0 상태","CYY는 TOS ETL마다 덮어쓰기 → 과거 시점 야드상태 소급 불가(앞으로만 축적); DISCHPORT='MYPKG'로 수입 판정하는 하드코딩","확인","crates/scengen/src/snapshot.rs:58-69; crates/scengen/src/snapshot.rs:1-7"
"입력","ETV_BAPLIE_CONT (양하 적부계획·컨 속성)","Oracle TOSADM","TOSADM.ETV_BAPLIE_CONT → scenario.container","CONTNO/CONTISO/FULLEMPT/CONTTYPE/CONTSTWG/GROSWGHT(MEAS_WGT)/TMPRCONT/DNGRIMDG/DNGRUNNO/DCHGPORT/ORGNPORT/CONTOPER/OVERHIGH/NEXTVESSEL/NEXTVOYAGE","(vessel, voyage, contno, disload='D')","없음(계획 문서)","폴링 15분 · 항차당 1회 · FETCH FIRST 20000 · 킬스위치","시뮬 컨테이너 속성·선박 셀","중량은 MEAS_WGT/GROSWGHT COALESCE — 두 값 불일치 시 추적 불가; 지식센터 추출 문서에 미기재","확인","crates/scengen/src/enrich.rs:108-118"
"입력","ETV_MOVINS_STOWAGE (적하 적부계획)","Oracle TOSADM","TOSADM.ETV_MOVINS_STOWAGE → scenario.container","CONTNO/CONTISO/FULLEMPT/CONTTYPE/CONTSTWG/GROSWGHT(MVNS_ORG_WGT)/TMPRCONT/DNGRIMDG/DNGRUNNO/DCHGPORT/LOADPORT/OPERATOR/OVERHIGH","(vessel, voyage, contno, disload='L')","없음(계획 문서)","폴링 15분 · 항차당 1회 · FETCH FIRST 20000 · 킬스위치","시뮬 컨테이너 속성","MOVINS는 출항 1~2일 전에야 생성되므로 최근 항차만 채워짐; 지식센터 추출 문서에 미기재","확인","crates/scengen/src/enrich.rs:119-129"
"내부상태","트럭 위치·배차상태 이력(30초 스냅샷)","WebSocket GPS 파생","truck_pos_hist","ts; ytno; lat; lon; state","(ytno, ts)","ts = 배치 틱의 Utc::now() (합성 시각)","30초 배치 INSERT · 2일 보존(120틱마다 DELETE)","dispatch_compare(T1 재구성), fair_compare, 순수 OD 모션 분할","raw fix가 아니라 30초 배치 스냅샷 — 신선도/커버리지 분석에 쓰면 과대표시; 피드 미연결 틱은 기록 자체가 없어 '트럭 없음'과 '피드 없음'이 구분되지 않음","확인","crates/api/src/livemap.rs:4623-4680; db/migrations/0059_truck_pos_hist.sql:1-12; kc/data/websocket-coverage.html:68"
"내부상태","고빈도 트럭 GPS 궤적","WebSocket GPS 파생","truck_pos_hifreq","ts; ytno; lat; lon","(ytno, ts)","ts = 3초 틱의 Utc::now()","3초 틱 · 직전 기록 대비 5m 이상 이동 시에만 · 5일 보존(200틱마다 DELETE)","도로망 추론, 혼잡 격자, tt_cycle_recon 이동/정지 분할","이동분만 기록 → 정차 구간 행 없음; 보존기간이 스크립트 주석(약 1일)과 코드·마이그레이션(5일)으로 상충","상충","crates/api/src/livemap.rs:4788-4835; db/migrations/0067_truck_pos_hifreq.sql:1-14; scripts/populate_tt_cycle_recon.sql:17-19"
"내부상태","RTG/ES 야드크레인 GPS 이력","WebSocket GPS 파생","rtg_pos_hist","ts; machno; lat; lon","(machno, ts)","ts = 3초 틱 Utc::now() (fix 자체 시각 아님)","3초 틱 · 3일 보존","RTG↔TT 핸드오버 포착 연구","정지 지터 포함(의도적); RTG GPS 40m 오프셋; RTG 보고 p50 60초라 핸드오버 타이밍에 부적합","확인","crates/api/src/livemap.rs:4686-4735; db/migrations/0086_rtg_pos_hist.sql:1-16"
"내부상태","학습된 작업지점 좌표","WebSocket ARRIVED 표본 파생","learn_topos_point","lat; lon; n; obs; spread_m; is_crane","topos","updated_at","5분 persist(spawn_learn_persist) · 기동 시 복원","거리·비용 계산, 지오펜스 기준점, 지도 오버레이","블록은 300m 아웃라이어 게이트; QC는 스프레더 진동(26m)·전시간 centroid 뭉갬(185m) 때문에 안벽 PCA 투영 보정 필수","확인","db/migrations/0026_learn_topos.sql:1-25; crates/api/src/main.rs:113; crates/api/src/livemap.rs:396-410"
"내부상태","도로망 그래프·비용 학습곡선","Postgres (외부 재구성 스크립트)","road_node / road_edge / road_route_eval","id,lat,lon / from_id,to_id,len_m,speed_kmh,oneway / route_time_s,manh_m,actual_s,jobtype,snapped","node id; edge (from,to)","road_route_eval.ts (최근 14일 창)","그래프는 매시 crontab의 reinfer_roadgraph.sh [호스트] · 곡선은 매 tick RouteCost::load · road_route_eval 60일 보존","Stage-2 비용, dispatch_compare, fair_compare","노드 id가 매 빌드 재번호되어 REPEATABLE READ 스냅샷 필수; 그래프 부재 시 전량 L3 폴백; 스케줄 정의가 저장소에 없고 crontab 라인에 평문 DB 비밀번호 포함","확인","crates/api/src/roadgraph.rs:47-92; crates/api/src/roadgraph.rs:360-382; scripts/reinfer_roadgraph.sh:1-10"
"내부상태","곧빔 잔여시간 학습값","Postgres MV","learn_free_in_bias / learn_free_in_stationary / learn_soon_idle_gate","state; jobtype; dist_bin; med_rem_s; n / med_s; p90_s / gate_m","(state, jobtype, dist_bin) 등","MV 재계산 시각","spawn_selfcal_refresh 900초","Stage-2 후보 차량의 time-to-free","n 임계(50/100/200) 미달 시 상수 폴백, 값은 30~3600초 클램프; MV 갱신이 멈추면 조용히 상수로 회귀","확인","crates/api/src/livemap.rs:4129-4162; crates/api/src/livemap.rs:4243-4271; db/migrations/0084_soon_idle_selfcal.sql:1-40"
"내부상태","작업-ETA 잔차 자가보정","Postgres MV","learn_work_eta_bias","qc; jobtype; n; med_err_s","(qc, jobtype)","7일 창","dispatch_pred_logger tick%10 (약 20분)","build_workpool의 work_eta_ts","n<30(전역행 100) 무시, -900~+1800초 클램프","확인","crates/api/src/workpool.rs:349-368; crates/api/src/workpool.rs:761-766"
"내부상태","scengen 킬스위치·튜닝","Postgres (scenario 스키마)","scenario.config (singleton id=1)","enabled; chunk_minutes; offpeak_only; offpeak_start_h/end_h; oracle_timeout_s; retention_days","id=1","updated_at","매 틱 시작 시 read · POST /api/scenario/config 로 write","scengen collect/enrich/snapshot/yard, GET /api/scenario/status","쓰기 엔드포인트가 0.0.0.0:8899에 인증 없이 노출; enabled 기본값 true라 마이그레이션 적용만으로 수집 시작","확인","db/migrations/0093_scenario.sql:11-24; crates/scengen/src/state.rs:9-38; crates/scengen/src/serve.rs:33-44"
"내부상태","ETL 실행 이력(감사)","Postgres","etl_run_log","kpi_key; business_date; started_at; finished_at; status(RUNNING/OK/PARTIAL/FAILED); rows_written; error_text","run_id (BIGSERIAL)","started_at/finished_at = 추출 실행 시각(UTC)","추출기 실행마다 INSERT+UPDATE (90초~1일)","운영 진단(직접 조회) — API 엔드포인트 미노출","보존/파티셔닝 정책 없음 — 무한 증가","확인","db/migrations/0001_run_log.sql:5-16; crates/extractor/src/db.rs:17-70"
"내부상태","시나리오 수집 실행 상태","Postgres (scenario 스키마)","scenario.gen_run","kind; state; phase; window_start/end; progress; load_stats; collection; health; error_text","run_id","started_at / updated_at / finished_at","scengen 틱마다(수집 10분·enrich 15분·snapshot 4시간)","GET /api/scenario/status, /api/scenario/runs (포트 8899)","인증 없는 엔드포인트로 노출","확인","db/migrations/0093_scenario.sql:26-45; crates/scengen/src/serve.rs:47-78"
"내부상태","시나리오 이벤트 저널","Postgres (scenario 스키마)","scenario.gen_event","run_id; ts; level(info/warn/error); kind(query/chunk/heartbeat/skip/tick_failed); payload JSONB","event_id","ts = 이벤트 발생 시각","append-only · 틱 내 수시","운영 진단(직접 조회), 캡 도달 경보","보존정책 미정의(gen_run 삭제 시 CASCADE만)","확인","db/migrations/0093_scenario.sql:47-55; crates/scengen/src/state.rs:51-60"
"출력","Stage-2 매칭 권고(트럭→작업)","wp-api 내부 매처 → Postgres","stage2_match_shadow","ts; tick; ytno; qc; vessel; queuename; jobtype; src_block; veh_state; arrival_s; od_p90_s; deadline_slack_s; feasible; cost_tier; switched; dest_lat; dest_lon; src_lat; src_lon","(ts, ytno)","ts = 추천 tick 시각","60초 (spawn_stage2_shadow, GPS 미연결 틱은 스킵) · 21일 보존","/api/stage2/advisory·shadow, /api/health/dispatch → Stage2Page·TtPage·LiveMapPage; 다음 tick 안티스래싱","그림자 전용(실배차 미연결); 컨테이너번호·작업지시 ID(MSNSEQ)가 없어 TOS에 '어느 작업지시'인지 지목 불가; cost_tier 스키마 주석(L2 225m 격자)이 현재 코드(R/L3)와 불일치","확인","crates/api/src/livemap.rs:4465-4474; db/migrations/0052_stage2_match_shadow.sql:5-22; crates/api/src/workpool.rs:796-822"
"결과피드백","솔버 성능(그리디 대비)","wp-api 내부 매처 → Postgres","stage2_solver_shadow","n_trucks; n_works; greedy_n; greedy_cost_s; optimal_n; optimal_cost_s; gap_pct; greedy_miss; optimal_miss","ts","ts","60초 · 21일 보존","/api/stage2/shadow의 savings_pct, /api/health/dispatch","greedy는 실제로 쓰이지 않는 가상 베이스라인; gap_pct=(greedy-opt)/opt와 savings_pct=(greedy-opt)/greedy 두 정의가 코드에 공존","확인","crates/api/src/livemap.rs:4477-4484; crates/api/src/workpool.rs:921-928"
"결과피드백","TOS 실제 배차 vs 우리 권고(작업별)","wp-api → Postgres","dispatch_compare_shadow","qc; queuename; jobtype; tos_ytno; tos_arrival_s; our_ytno; our_arrival_s; agree; reason; delta_s; tos_upd","(qc, queuename, tos_ytno, tos_upd)","tos_upd = TOS 배차시각","60초 (spawn_dispatch_compare) · 21일 보존","/api/stage2/compare, compare-picks → Stage2Page, LiveMapPage 작업지점 핀","작업별 독립 최근접 선택이라 동일 트럭 중복 선택 가능 → 우리 우위 과대평가(코드도 optimistic 명시); reason='now' 행은 집계 제외","확인","crates/api/src/livemap.rs:4585-4612; db/migrations/0058_dispatch_compare_shadow.sql:1-19; crates/api/src/workpool.rs:1310"
"결과피드백","공정 1:1 최적매칭 비교","wp-api → Postgres","fair_compare_shadow / fair_compare_detail","window_min; n; tos_total_s; our_total_s; savings_pct; same_n / jobtype; qc; tos_s; our_s","ts","ts","5분 (창 15분) · 21일/7일 보존","/api/stage2/fair-compare, fair-breakdown → Stage2Page","n<4면 스킵, MAX_N=120 표본 절단; 절감이 거의 전부 원거리 교정에서 발생한다고 화면·문서가 스스로 한계 명시","확인","crates/api/src/livemap.rs:4930-5000; db/migrations/0061_fair_compare_shadow.sql:1-13; db/migrations/0064_fair_compare_detail.sql:1-20"
"결과피드백","Stage-1 예측 검증 로그","wp-api → Postgres","dispatch_pred_sample","qc; vessel; contno; queuename; jobtype; pred_work_eta_ts; dispatch_deadline_ts; assigned; slack_s; lead_s; became_assigned_at; tos_upd_dt; etw_qc_ts","행 단위(컨테이너 1회 로깅)","logged_at / pred_work_eta_ts","120초 (spawn_dispatch_pred_logger) · 21일 보존","learn_work_eta_bias 학습, /api/learn/dispatch-pred → LearnPage","QC별 front 6건만 표본","확인","crates/api/src/workpool.rs:730-760"
"결과피드백","맵매칭 도착 섀도","GPS × 도로망 경로 투영 → Postgres","mm_arrival_shadow","leg_dur_s; route_m; progress_frac; min_dest_m; saw_arrived; max_gap_s; max_jump_m","id(bigserial), ytno + dest_topos","logged_at (수신 기준)","leg 전환 시(5초 틱 평가)","도착 포착 개선 측정","섀도 전용 — 라이브 도착 판정·배차에 미반영(구현됨과 활성화됨을 구분 필요)","확인","db/migrations/0090_mm_arrival_shadow.sql:1-19; crates/api/src/livemap.rs:1834-1841; crates/api/src/livemap.rs:1936-1940"
"출력","라이브 위치 스냅샷 API","인메모리 devices 맵","GET /api/livemap/positions","id; cls; lat; lon; speed; engine; age_s; jobtype; container1/2; cur_loc; topos1; arrival; accuracy; dispatch; free_in_s; plc; userid","device id","as_of = 마지막 수신 메시지 시각(last_msg_ms)","프론트 폴링(라이브맵 2.5초, TT 풀 15초)","LiveMapPage, TtPage, LiveVehicleDetail","120초 초과 장비는 응답에서 제외(빈자리=침묵); 인증 없음; 운전자 userid 무마스킹 포함","확인","crates/api/src/livemap.rs:1038-1130; crates/api/src/livemap.rs:1242-1246; crates/api/src/livemap.rs:1120"
"출력","GPS 피드 건강 신호","인메모리 카운터","GET /api/livemap/health","color; connected; connected_for_s; last_msg_age_s; messages_total; reconnects; last_error; rate_per_min; sparkline[30]; fresh/stale/lost; by_class; avg_accuracy_m; plc_*","없음(스냅샷)","last_message_at (수신 기준)","프론트 1.5~5초 폴링 · 요청 시 계산","전역 OutageBanner, 지도 3모드, HealthPill, FeedHealthPage","프로세스 재기동 시 카운터 초기화(영속 저장 없음); /api/health(일 ETL)와 혼용 금지; TOS 추출기만 죽은 경우는 이 배너가 뜨지 않음","확인","crates/api/src/livemap.rs:1366-1460; web/src/App.tsx:63-90"
"출력","KPI별 데이터 신선도","Postgres","data_freshness → GET /api/health","last_success_date; last_success_at; last_attempt_at; last_status; is_stale","kpi_key (PK)","last_success_at = 마지막 성공 시각","추출 종료 시 upsert","대시보드 HealthPage","일 단위 ETL 신호라 실시간 장애 판정에 부적합(App.tsx 주석 명시)","확인","db/migrations/0001_run_log.sql:19-26; crates/api/src/routes.rs:469-490"
"출력","배차 엔진 헬스","Postgres 그림자 테이블 집계","GET /api/health/dispatch","up(배차 틱 age<120초); thrash; feasible; savings","없음(스냅샷)","최근 tick ts","프론트 15초 폴링","HealthPage","readiness/liveness 구분 없음; Oracle 미러 신선도는 판정에 미포함","확인","crates/api/src/main.rs:45-75; crates/api/src/workpool.rs:880-960"
"출력","시나리오/에뮬레이터 JSON","Postgres scenario 스키마","GET /api/scenario/download/:kind (포트 8899)","assemble::build 결과 (scenario, emulator)","window_start / window_end","comp_ts, snapshot_ts","온디맨드 동기 조립 (수집은 collect 10분·snapshot 4시간·enrich 15분)","브라우저 파일 다운로드","대시보드 API에 마운트되지 않음(마이그레이션 주석의 '/sim UI' 서술은 사실과 다름); 실배차와 완전 분리; 무인증","확인","crates/scengen/src/serve.rs:86-115; crates/scengen/src/assemble.rs; db/migrations/0093_scenario.sql:1-8; crates/api/src/main.rs:43-79"
"출력","TOS 쓰기(배차 지시 write-back)","해당 없음","없음","해당 없음","해당 없음","해당 없음","해당 없음","해당 없음","TOSADM 대상 INSERT/UPDATE/DELETE/MERGE·PL-SQL 호출이 저장소 전체 검색에서 0건. 다만 run_sql은 임의 SQL을 외부 스크립트에 그대로 넘기며 DML 거부 가드가 없어 읽기전용은 구조적 보장이 아님(외부 스크립트·계정 권한은 저장소로 검증 불가)","미확인","crates/extractor/src/runner.rs:41-72; crates/scengen/src/toolbox.rs:44-74; crates/api/src/main.rs:1-3"
"출력","운영자 채택·거부 피드백","해당 없음","없음","해당 없음","해당 없음","해당 없음","해당 없음","해당 없음","Override/Swap 채택·거부를 수집하는 코드·테이블이 없음(web/src에 POST/PUT/DELETE fetch 0건). 롤아웃 게이트 기준인 '현장 거부율'을 현재 데이터로 측정 불가","확인","web/src/api.ts:298; web/src/TtPage.tsx:167-227; kc/dispatch/stage2-rollout.html"
"출력","외부 시스템 내보내기(DigiPort·KPI 계층)","해당 없음","없음","해당 없음","해당 없음","해당 없음","해당 없음","해당 없음","webhook/kafka/mqtt/S3/FTP/이메일/CSV export 코드·계약 0건; OpenAPI/AsyncAPI/JSON Schema 산출물도 0건(utoipa는 선언만 되고 사용 0)","확인","Cargo.toml:32; crates/api/src/main.rs:43-79; deploy/systemd/"
