id,area,statement,status,confidence,evidence,risk,source_track
"RT-01","워크스페이스 구성","Rust 워크스페이스는 crates/core·extractor·api·scengen 4개 멤버이며 실행 바이너리는 extractor·api·scengen 3개다(core는 라이브러리).","확인","높음","Cargo.toml:1-3; crates/extractor/Cargo.toml:7-9; crates/api/Cargo.toml:7-9; crates/scengen/Cargo.toml:7-12","","runtime"
"RT-02","실행 진입점(extractor)","extractor CLI 서브커맨드는 run, tick(--tier t1/t2/all), backfill, transform, workpool, handover, rtg-moves, qc-moves, weather, weather-live 총 10개다.","확인","높음","crates/extractor/src/main.rs:22-92; crates/extractor/src/main.rs:110-200","","runtime"
"RT-03","실행 진입점(scengen)","scengen CLI 서브커맨드는 collect, snapshot, enrich, yard-moves, yard-build, assemble, serve(기본 포트 8899), backfill 8개이며 backfill은 로그만 남기는 미구현 스텁이다.","확인","높음","crates/scengen/src/main.rs:24-66; crates/scengen/src/main.rs:78-84","과거 구간 시나리오 수집을 backfill로 요청받으면 즉시 대응 불가(구현 필요)","runtime"
"RT-04","실행 진입점(api)","api 바이너리는 axum 서버로 /api/* 읽기 전용 엔드포인트와 /kc(정적 지식센터)·SPA fallback을 서빙하며 기본 바인드는 환경변수 API_ADDR(기본 127.0.0.1:8080)이다.","확인","높음","crates/api/src/main.rs:44-107; crates/api/src/main.rs:142-145","","runtime"
"RT-05","api 백그라운드 작업","api 프로세스는 단순 조회 서버가 아니라 GPS 웹소켓 수집과 24개 백그라운드 tokio 태스크(그림자 로거·학습 지속화·Stage-2 매칭)를 함께 돌리는 상태 저장 프로세스다.","확인","높음","crates/api/src/main.rs:115-140","api 재시작 시 라이브맵 학습 상태·그림자 로깅이 함께 끊기며 조회 API와 학습 파이프라인이 같은 프로세스에 결합돼 있다","runtime"
"RT-06","Oracle 접근 경계","프로덕션 Oracle에 닿는 경로는 extractor의 runner.rs와 scengen의 toolbox.rs가 외부 스크립트 remote-toolbox-sql을 프로세스 실행하는 두 곳뿐이며 api 크레이트에는 Oracle 접근 코드가 없다.","확인","높음","crates/extractor/src/runner.rs:41-72; crates/scengen/src/toolbox.rs:44-74; crates/api/src/main.rs:1-4","","runtime"
"RT-07","TOS 쓰기 여부","Oracle로 나가는 SQL은 crates/extractor/sql/*.sql 16개 파일 + 인라인 9개(extractor 3·scengen 6) 총 25개 문장이며 전부 SELECT/WITH다. TOSADM 대상 INSERT/UPDATE/DELETE/MERGE·프로시저 호출은 저장소 전체에서 0건이다.","확인","높음","crates/extractor/sql/; crates/extractor/src/handover.rs:58; crates/extractor/src/qc_moves.rs:54; crates/extractor/src/rtg_moves.rs:54; crates/scengen/src/collect.rs:71; crates/scengen/src/enrich.rs:65,109,120; crates/scengen/src/snapshot.rs:60; crates/scengen/src/yard.rs:50","읽기 전용은 구조적 보장이 아니라 '현재 실려 있는 SQL이 전부 읽기'라는 스냅샷 사실이다(run_sql에 DML 거부 가드 없음)","runtime"
"RT-08","배차 운영모드","Stage-2 배차 매칭은 api 프로세스가 60초 주기로 계산해 Postgres stage2_match_shadow에 적재하는 그림자 방식이며, /api/stage2/advisory는 코드 주석에 'display only, never drives dispatch'로 명시된 표시 전용이다.","확인","높음","crates/api/src/livemap.rs:4173-4210; crates/api/src/workpool.rs:935-960; crates/api/src/main.rs:132-139","","runtime"
"RT-09","운영모드 판정","운영모드는 상시 Shadow + 사내 대시보드 Recommendation 표시다. 코드상 TOS 쓰기 경로가 없고 권고는 그림자 테이블과 화면 오버레이까지만 간다. [문서] 지식센터도 현재를 Phase 0(그림자)로 규정하고 자문·부분·전면 단계는 미착수로 표기한다.","확인","높음","kc/start/launch-plan.html; kc/dispatch/stage2-rollout.html; crates/api/src/workpool.rs:935-952","'Service 2가 라이브 배차를 한다'는 전제로 견적/일정이 잡히면 출력채널(A1)·TOS 계약(A2)·운영자 UI(D2)가 전부 미착수라 범위가 크게 어긋난다","runtime"
"RT-10","배포 방식","운영 배치는 단일 호스트의 systemd --user 유닛이며, 유닛 파일은 %h/projects/tt-aiops-platform/target/release/ 아래 바이너리를 직접 실행하고 sudo 없이 사용자 세션에서 돈다(loginctl enable-linger 필요).","확인","높음","deploy/systemd/README.md:17-38; deploy/systemd/wp-nightly.service:1-11","linger가 풀리거나 계정 세션이 죽으면 모든 타이머가 조용히 멈춘다. 배포가 수동 cargo build --release + cp이라 릴리스 추적성이 없다","runtime"
"RT-11","스케줄 인벤토리(핵심 ETL)","저장소 타이머 주기는 wp-nightly 매일 01:30, wp-tick-t1 5분, wp-tick-t2 20분, wp-shift-t1 3분, wp-shift-t2 15분, wp-workpool 90초, wp-handover 60초, wp-rtg-moves/wp-qc-moves 각 5분(90초 오프셋), wp-weather 1시간, wp-weather-live 3분이다.","확인","높음","deploy/systemd/wp-nightly.timer:1-10; deploy/systemd/wp-workpool.timer:1-11; deploy/systemd/wp-handover.timer:1-11; deploy/systemd/wp-qc-moves.timer:1-11; deploy/systemd/wp-shift-t1.timer:1-11","호스트에서 wp-tick-t1·wp-tick-t2는 미설치이므로 저장소 세트와 실제 가동 세트가 다르다 [호스트]","runtime"
"RT-12","스케줄 인벤토리(Postgres 전용)","tt_move_log(5분)와 tt_cycle_recon(10분)은 Rust 바이너리가 아니라 psql로 scripts/populate_*.sql을 실행하는 유닛이며 Oracle을 건드리지 않는다.","확인","높음","deploy/systemd/wp-tt-move-log.service:1-13; deploy/systemd/wp-tt-cycle-recon.service:1-14; deploy/systemd/wp-tt-move-log.timer:1-11","psql 유닛은 DATABASE_URL을 커맨드라인에 노출하고, SQL 파일 변경이 빌드 없이 즉시 운영 반영되므로 미커밋 변경이 배포본과 어긋날 수 있다","runtime"
"RT-13","scengen 격리·킬스위치","scengen 계열 6개 유닛(collect 10분·yard-moves 5분·yard-build 10분·snapshot 4시간·enrich 15분·serve 상주)은 Nice=19이고 collect/enrich/snapshot/yard는 매 틱 scenario.config.enabled 킬스위치를 읽어 꺼져 있으면 즉시 반환한다.","확인","높음","crates/scengen/src/collect.rs:37-42; crates/scengen/src/state.rs:9-38; db/migrations/0093_scenario.sql:11-23; deploy/systemd/wp-scenario-collect.service:1-10","킬스위치 기본값이 true라 마이그레이션 적용만으로 수집이 켜진다","runtime"
"RT-14","scengen 제어면","scengen serve는 포트 8899에서 자체 웹 UI와 /api/scenario/status·runs·download/:kind·config(POST)를 제공하며 config POST가 scenario.config.enabled를 UPDATE하는 유일한 런타임 제어 경로다.","확인","높음","crates/scengen/src/serve.rs:34-38; crates/scengen/src/serve.rs:117-128; deploy/systemd/wp-scenario-web.service:1-14","포트에 인증 로직이 코드상 없어 접근 가능한 누구나 수집을 켜고 끌 수 있다(네트워크 경계에만 의존)","runtime"
"RT-15","재시작 정책","저장소에 정의된 상주 유닛은 wp-scenario-web(Restart=on-failure/5s)과 wp-ws-bridge(Restart=always/5s) 둘뿐이고 나머지 추출 유닛은 Type=oneshot이라 실패 시 재시도 없이 다음 주기를 기다린다. [호스트] 실제로는 wp-api(always/3s)·wp-etw-bridge(always/5s)도 상주한다.","확인","높음","deploy/systemd/wp-scenario-web.service:6-12; deploy/systemd/wp-ws-bridge.service:1-25; deploy/systemd/wp-handover.service:1-10","oneshot 실패가 조용히 누적돼도 알람이 없다(OnFailure= 0건)","runtime"
"RT-16","GPS 피드 경로","라이브 GPS는 wp-ws-bridge 유닛이 SSH -L로 127.0.0.1:9986 로컬 포워딩을 열고 api 프로세스가 그 위의 평문 ws://에 붙는 구조다(대상 호스트/IP는 <redacted>).","확인","높음","deploy/systemd/wp-ws-bridge.service:1-25; crates/api/Cargo.toml:22-24","SSH 터널이 단일 장애점이며 TLS 없이 로컬 터널 신뢰에 의존한다","runtime"
"RT-17","환경변수 목록","환경변수 키는 .env.example의 DATABASE_URL·SKILL_DIR·API_ADDR 3개가 기준이나 실제 .env에는 ETW_GATEWAY_URL·TOMORROW_API_KEY가 추가돼 있고 코드에는 KC_DIR·WEB_DIST도 선택적으로 쓰인다(값은 모두 <redacted>).","상충","높음",".env.example:1-10; crates/extractor/src/workpool.rs:114-124; crates/api/src/main.rs:88-101; deploy/systemd/README.md:55-57",".env.example이 실운영 키 2개를 누락해 신규 환경 구축 시 ETW·실시간 날씨가 조용히 기본값으로 떨어진다","runtime"
"RT-18","기능 플래그 부재","배차 로직을 켜고 끄는 환경변수/피처 플래그는 존재하지 않으며 저장소에서 확인되는 런타임 스위치는 scenario.config.enabled 하나뿐이다. 그림자 로거들은 api가 뜨면 무조건 돈다.","확인","높음","crates/api/src/main.rs:116-140; crates/scengen/src/state.rs:9-20; kc/dispatch/stage2-rollout.html","그림자 계산 부하를 끄려면 api 전체를 내려야 하며, Live 단계 요구사항인 '즉시 끄기 스위치'가 아직 코드에 없다","runtime"
"RT-19","CI/CD·컨테이너","저장소에 .github/workflows·Jenkinsfile·Dockerfile·docker-compose·k8s manifest·terraform·ansible이 전혀 없다. 컨테이너는 로컬 개발용 deploy/dev-db.sh(rootless podman, postgres:17)뿐이다.","확인","높음","deploy/dev-db.sh:1-40; deploy/systemd/README.md:19-38","자동 빌드·테스트·배포·롤백이 없어 배포된 바이너리와 커밋 대응을 사후 추적할 수단이 없다","runtime"
"RT-20","시험","백엔드 테스트는 crates/extractor/tests의 통합 테스트 3개(upsert_pg·transform_pg·rollup_pg)와 KPI 모듈 인라인 단위 테스트(#[cfg(test)] 17파일)이며, 통합 테스트는 DATABASE_URL이 없으면 스킵되고 Oracle에는 접속하지 않는다(골든 픽스처).","확인","높음","crates/extractor/tests/upsert_pg.rs:1-22; crates/extractor/tests/transform_pg.rs:1-16; crates/extractor/tests/rollup_pg.rs:1-6","DATABASE_URL 미설정 시 통합 테스트가 조용히 통과 처리되므로 CI 없는 현재 구조에서 회귀가 잡히지 않을 수 있다","runtime"
"RT-21","API 서비스 유닛 누락","deploy/systemd에 wp-api용 유닛 파일이 없는데 지식센터 문서는 systemctl --user restart wp-api.service로 API를 재기동한다고 기술한다. [호스트] 해당 유닛은 호스트에만 존재하며 enabled + active 상태다.","상충","높음","deploy/systemd/; kc/reference/references.html:32-33","배차 그림자를 실제로 돌리는 프로세스의 유닛 정의가 형상관리 밖에 있어 호스트 재구축 시 재현 불가","runtime"
"RT-22","마이그레이션 관리","db/migrations는 104개 파일이며 0098 번호가 0098_scenario_yard_block.sql과 0098_tt_cycle_recon.sql 두 개로 중복돼 있고, db/apply.sh는 파일명 글로브 순서로 psql을 순차 실행할 뿐 적용 이력 테이블이 없다.","확인","높음","db/migrations/0098_scenario_yard_block.sql; db/migrations/0098_tt_cycle_recon.sql; db/apply.sh:1-20","번호 충돌이 병합 시 적용 순서 혼선을 부르고, 이력 테이블이 없어 어느 환경에 어디까지 적용됐는지 알 수 없다","runtime"
"RT-23","개발 흐름(최근 커밋)","최근 40개 커밋은 배차 알고리즘 자체보다 scengen 시나리오/에뮬레이터 신설, 싸이클 정의 재정립(tt_move_log·tt_cycle_recon), 지식센터 정적HTML 이관, 장애 표시에 집중돼 있다.","확인","높음","git log --oneline -40 (HEAD 10cc8c0)","","runtime"
"RT-24","워킹트리 상태","브랜치 scengen-collector의 HEAD는 10cc8c0이며 미커밋 변경은 5건이다(crates/api/src/cycles.rs, scripts/populate_tt_cycle_recon.sql, web/public/livemap-roadgraph.geojson, web/src/CyclesPage.tsx, web/src/api.ts).","확인","높음","git status; deploy/systemd/wp-tt-cycle-recon.service:10-12","populate_tt_cycle_recon.sql은 systemd 유닛이 파일 경로 그대로 실행하므로 미커밋 SQL이 이미 운영 타이머에서 돌고 있을 수 있다","runtime"
"RT-25","프론트 운영모드 표시","프론트는 라이브맵을 live/stale/replay 3모드로 구분해 피드 중단 시 캔 리플레이 대신 정지 오버레이를 띄우고, 전역 OutageBanner로 피드 장애를 표시한다.","확인","높음","web/src/LiveMapPage.tsx:1070-1130; web/src/App.tsx:100-110; web/src/App.tsx:703","replay 모드는 정적 캡처(web/public/livemap-replay.json)라 시연과 실운영 화면이 시각적으로 유사할 수 있다","runtime"
"RT-26","TODO·미완 표식","소스 전반에서 TODO/FIXME/HACK/XXX 주석은 1건(scengen assemble의 hatch/bay_change/drive 미구현 메모)뿐이며 배차·TOS 연동 관련 TODO 주석은 없다.","확인","중간","crates/scengen/src/assemble.rs:160; kc/start/launch-plan.html","미완 항목이 코드가 아니라 kc 계획서에만 기록돼 있어 코드만 보면 잔여 작업 규모가 과소평가된다","runtime"
"MT-01","트리거·주기","TT×작업 매칭 본체는 systemd 타이머가 아니라 wp-api 프로세스 내부의 tokio 태스크 spawn_stage2_shadow이며 60초 인터벌로 돈다(등록은 조건 없는 spawn).","확인","높음","crates/api/src/livemap.rs:4173-4182; crates/api/src/main.rs:132","매칭이 API 프로세스 수명에 묶여 있고 저장소에는 이 프로세스를 정의한 유닛 파일이 없다(호스트에만 존재)","matching"
"MT-02","입력 갱신 주기","매칭 입력인 TOS 작업풀 스냅샷(live_workpool·live_candidate·live_workqueue·live_vessel_schedule)은 별도 프로세스 extractor가 systemd 타이머 wp-workpool로 90초마다 Oracle에서 갱신한다.","확인","높음","deploy/systemd/wp-workpool.timer:1-9; deploy/systemd/wp-workpool.service:8; crates/extractor/src/workpool.rs:92-108","매칭 tick(60초)과 데이터 갱신(90초)이 비동기라 같은 작업 스냅샷으로 여러 번 매칭이 돌 수 있다","matching"
"MT-03","TT 후보 Pool","TT 상태는 TOS가 아니라 GPS 웹소켓 필드만으로 classify_tt에서 판정되며 idle/staging/empty_travel/delivering/soon_idle/wait_rtg 6개 상태를 반환한다.","확인","높음","crates/api/src/livemap.rs:915-1024; crates/api/src/livemap.rs:789-800","TOS 작업풀이 실시간 판정 경로에서 제외되어 GPS 침묵·필드 결측이 곧 후보 누락으로 직결된다","matching"
"MT-04","TT 후보 Pool","Stage-2 후보 차량은 idle(잔여 0초) + soon_idle/wait_rtg(학습된 잔여초) + 침묵 상태로 드롭지점 120m 내에 멈춰 있는 적재 트럭(최대 1200초 홀드)이며 delivering/empty_travel/staging은 제외된다(코드의 approaching 분기는 classify_tt가 반환하지 않는 죽은 분기).","확인","높음","crates/api/src/livemap.rs:4199-4277; crates/api/src/livemap.rs:4166-4171","운반 중(delivering) 트럭을 후보에서 빼므로 선제 예약 범위가 최종단계 트럭으로 한정된다","matching"
"MT-05","TT 후보 Pool","'곧 유휴' 잔여시간은 하드코딩 상수가 아니라 학습값 우선순위(learn_free_in_stationary → learn_free_in_bias[state×jobtype×RTG거리bin] → 동 state×jobtype 전역 → free_in 상수)로 결정되고 30~3600초로 클램프된다.","확인","높음","crates/api/src/livemap.rs:4243-4271; crates/api/src/livemap.rs:1026-1036; crates/api/src/livemap.rs:4129-4162","학습 MV 갱신이 멈추면 조용히 상수로 되돌아가 비용이 편향된다","matching"
"MT-06","TT 후보 Pool","DS의 soon_idle 판정 게이트(RTG 근접거리)는 전역 SOON_IDLE_GATE_MM에 담긴 학습값으로 기본 50m이며 30~90m 범위로 15분마다 갱신된다.","확인","높음","crates/api/src/livemap.rs:769-770; crates/api/src/livemap.rs:4156-4161; db/migrations/0084_soon_idle_selfcal.sql:1-40","","matching"
"MT-07","재배차(swap)","재배차 가능(swappable) 판정은 classify_tt에서 empty_travel 트럭에 대해서만 계산되며(픽업지까지 잔여거리 >= SWAP_MIN_M=500m), Stage-2 매칭은 이 값을 전혀 쓰지 않는다(empty_travel 자체가 후보에서 제외되기 때문).","확인","높음","crates/api/src/livemap.rs:948-970; crates/api/src/livemap.rs:4242-4272","표시용 스왑 지표와 실제 매칭 후보군이 불일치 — '스왑 가능'으로 보이는 트럭이 매칭 대상이 아니다","matching"
"MT-08","작업 후보 Pool","작업 후보는 JOB_ORDER_LIST에서 JOBSTATUS='Q'이고 YTNO가 빈 행(진짜 미배차)만 골라 DS는 (큐,선박) 단위·LD는 소스 블록(YT_TOPOS prefix) 단위로 집계한 live_candidate 버킷이며 트윈(twinkey 동일)은 1대 수요로 합산된다.","확인","높음","crates/extractor/sql/workpool.sql:14-38; crates/extractor/src/workpool.rs:306-336; db/migrations/0013_candidate.sql:1-21","CRE_DT 2일·COMPDATE null 필터에 걸리지 않는 작업과 JOBSTATUS P/B 행은 후보에서 통째로 빠진다","matching"
"MT-09","작업 정렬·긴급도","Stage-1 작업 정렬은 (1) qc_wait_qc_sample에서 최근 90초 내 starving인 QC 우선, (2) work-ETA(마감) 빠른 순이며 긴급도는 비용행렬에 들어가지 않는다.","확인","높음","crates/api/src/livemap.rs:4192-4197; crates/api/src/livemap.rs:4325-4333; crates/api/src/livemap.rs:3823-3825","starving 신호가 끊기면 매칭은 조용히 순수 마감순으로만 동작한다","matching"
"MT-10","작업 상한","크레인당 수요 상한은 NEED_HORIZON_S(900초)÷move시간(DS 90초/LD 110초, 최소 1)으로 버킷 수요에 반영되고 작업풀은 후보 트럭 수만큼 절단된다(엄밀히는 유지 버킷 개수가 트럭 수 이하이며, acc>=truck_n 검사가 가산 전이라 슬롯 합계는 마지막 버킷만큼 초과 가능).","확인","높음","crates/api/src/livemap.rs:3826-3831; crates/api/src/livemap.rs:4334-4366; crates/api/src/workpool.rs:332-348","DS_MOVE_S/LD_MOVE_S가 하드코딩이라 실제 크레인 생산성(learn_qc_move_time)과 다른 값으로 상한이 잡힌다(이중 기준)","matching"
"MT-11","작업 가능성(feasibility)","Feasibility는 후보 배제 조건이 아니라 사후 라벨이다 — 버킷 마감 대비 p90 도착이 늦으면 feasible=false와 음수 slack으로 기록될 뿐 그 매칭은 그대로 채택(기록)된다.","확인","높음","crates/api/src/livemap.rs:4384-4386; crates/api/src/livemap.rs:4452-4474","실 배차로 승격 시 마감 위반 매칭이 필터 없이 나갈 수 있다","matching"
"MT-12","크레인 작업순서","크레인 작업 순서 자체에 대한 별도 실행가능성 검사는 없고, 순서 정보는 live_workqueue의 seq와 진행률로부터 work-ETA를 만들어 마감으로 환산하는 방식으로만 반영된다.","확인","중간","crates/api/src/workpool.rs:408-489; crates/api/src/workpool.rs:380-399","큐 seq가 재계획되면 work-ETA 전체가 흔들리며 코드 주석도 원거리 예측의 한계를 명시한다","matching"
"MT-13","거리·비용","OD 비용은 WGS84 좌표를 쓰되 추론 도로망 위 방향성 Dijkstra 경로시간을 road_route_eval 실측 학습곡선(DS/LD 분리)에 매핑한 초 단위 (p50,p90)이며, 라우팅 실패 시 안벽축 회전 맨해튼(29.8°)→같은 학습곡선→SEG_SPEED_MS=3.30 m/s 순으로 폴백한다(225m 격자는 mig 0082에서 폐기).","확인","높음","crates/api/src/livemap.rs:4304-4324; crates/api/src/livemap.rs:3833-3853; crates/api/src/roadgraph.rs:304-420","도로망 그래프는 매시 crontab의 reinfer_roadgraph.sh가 재구성하는데 그 스케줄 정의가 저장소에 없다 [호스트]","matching"
"MT-14","목적함수","엣지 비용 = (트럭이 빌 때까지 잔여초) + (픽업지까지 공차 이동 p50초) + 전환 페널티이며, 적재 후 납품 구간·긴급도·기아·부하분산 항은 목적함수에 없다.","확인","높음","crates/api/src/livemap.rs:4389-4412; crates/api/src/livemap.rs:3823-3825","","matching"
"MT-15","목적함수 상수","안티스래싱 상수는 소스에 하드코딩되어 있다: SWITCH_PENALTY_S=180초, COMMIT_WINDOW_MS=600000, COMMIT_LOCK_S=1200초이며 arr>=1800초 엣지는 사전 제거된다.","확인","높음","crates/api/src/livemap.rs:3817-3822; crates/api/src/livemap.rs:4398-4410","설정파일·DB가 아닌 소스 상수라 튜닝에 재빌드가 필요하다","matching"
"MT-16","해 선택 알고리즘","기록되는 추천 해는 탐욕이 아니라 자체 구현 min-cost max-flow(SPFA 연속최단경로 Mcmf, 외부 솔버 라이브러리 없음)의 최적해이나, 이는 라이브 배차를 구동하지 않는 그림자 추천이고 최적성도 arr<1800초로 프루닝된 부분그래프·Stage-1에서 절단된 작업풀 기준이다. greedy는 같은 tick에서 gap 측정용 베이스라인으로 병행 계산된다.","확인","높음","crates/api/src/livemap.rs:3855-3966; crates/api/src/livemap.rs:4415-4448; crates/api/src/livemap.rs:4407-4409; crates/api/src/livemap.rs:3968-3972; crates/api/Cargo.toml:11-26","동점(tie) 처리 규칙이 명시되어 있지 않아 최적해가 여러 개일 때 어떤 트럭이 뽑히는지는 엣지 삽입 순서에 의존한다","matching"
"MT-17","중복 배정 방지","동일 TT 중복 배정은 흐름망 source→트럭 엣지 용량 1로, 동일 작업 초과 배정은 버킷→sink 용량=Stage-1 상한으로 구조적으로 차단된다.","확인","높음","crates/api/src/livemap.rs:3939-3953; crates/api/src/livemap.rs:4184-4191","tick 간 예약 상태는 유지되지 않는다 — 다음 tick은 직전 150초 행을 읽어 전환 페널티에만 쓴다","matching"
"MT-18","상태 전이·예약","Assignment/Reservation/Swap을 관리하는 영속 상태 머신은 없다 — 매 tick 무상태로 전량 재매칭하고 기존 배차 보호는 전환 페널티·커밋 잠금이라는 소프트 비용으로만 구현된다.","확인","높음","crates/api/src/livemap.rs:4396-4406; crates/api/src/livemap.rs:4447-4448","실 배차 승격 시 '이미 출발한 트럭'을 하드하게 보호하는 장치가 없다(비용이 충분히 크면 뒤집힘)","matching"
"MT-19","타임아웃·불완전 결과","Stage-2 매처에는 최적화 타임아웃·반복 상한·부분해 처리 코드가 없으며 규모 제한은 1800초 프루닝과 Stage-1 절단뿐이다(fair_compare만 MAX_N=120).","확인","중간","crates/api/src/livemap.rs:4407-4410; crates/api/src/livemap.rs:4842-4844","대형 tick에서 SPFA MCMF가 길어져도 이를 감지·중단하는 장치가 없다","matching"
"MT-20","Shadow 여부","매칭 결과는 stage2_match_shadow(추천 1건당 1행)와 stage2_solver_shadow(그리디 대비 gap)에 기록될 뿐이며 저장소 전체에 TOSADM으로 쓰기를 하는 SQL은 없다.","확인","높음","crates/api/src/livemap.rs:4465-4484; db/migrations/0052_stage2_match_shadow.sql:1-5; crates/extractor/sql/workpool.sql:14-38","","matching"
"MT-21","Shadow 결과 소비","추천은 /api/stage2/advisory·shadow와 /api/health/dispatch로 노출되어 프론트(TtPage의 '우리 픽', LiveMapPage 작업지점)에 표시되며 표시 대상은 최신 tick 1건뿐이다.","확인","높음","crates/api/src/workpool.rs:951-961; crates/api/src/main.rs:57-64; web/src/TtPage.tsx:265-280","운영자에게 권고를 보여주는 Recommendation 단계이므로 사람이 따라할 여지는 있으나 시스템 자동 실행은 아니다","matching"
"MT-22","KPI·평가","dispatch_compare_shadow는 TOS가 방금 배차한 개별 작업 1건에 대해 배차 시각 T1의 트럭 위치 스냅샷으로 우리가 고를 최근접 가용 트럭과 TOS 트럭의 도착시간을 비교한다(작업별 독립).","확인","높음","crates/api/src/livemap.rs:4493-4620; db/migrations/0058_dispatch_compare_shadow.sql:1-19","예약 충돌을 무시하므로 우리 우위를 과대평가한다(코드 주석도 optimistic으로 명시)","matching"
"MT-23","KPI·평가","fair_compare_shadow는 5분마다 최근 15분 TOS 배차결정을 60초 버킷으로 묶어 각 버킷에서 트럭↔작업 1:1 완전매칭(MCMF)을 풀고 TOS 대각합 대비 절감률을 기록하며 쌍별 상세는 fair_compare_detail에 적재한다.","확인","높음","crates/api/src/livemap.rs:4836-5005; db/migrations/0061_fair_compare_shadow.sql:1-13; db/migrations/0064_fair_compare_detail.sql:1-20","","matching"
"MT-24","코드 사양 불일치","차량 상태 'approaching'은 free_in 상수표·free_in_bias 조회·후보 필터에 등장하지만 classify_tt가 이 문자열을 반환하는 코드 경로가 없다.","확인","중간","crates/api/src/livemap.rs:915-1024; crates/api/src/livemap.rs:4248-4257; crates/api/src/livemap.rs:1030","해당 학습 버킷·분기가 실시간 경로에서는 사실상 죽은 코드 — 문서·인수인계에서 실제보다 넓은 후보군으로 오해될 수 있다","matching"
"MT-25","배포 정의","매칭을 실제로 구동하는 wp-api.service는 KC 문서에는 운영 명령으로 등장하지만 deploy/systemd 디렉터리에는 유닛 파일이 없다. [호스트] 유닛은 호스트에만 존재하며 enabled + active다.","상충","높음","deploy/systemd/; kc/reference/references.html:32","배차 엔진 프로세스의 기동·재시작 정의가 저장소 밖에 있어 재현·이관 시 누락 위험","matching"
"MT-26","시험 수준","매칭 로직(optimal_assign·Mcmf·classify_tt·비용 계산)에 대한 단위·회귀 테스트는 저장소에 없다 — API 크레이트의 #[cfg(test)] 모듈은 periods.rs 하나뿐이다.","확인","높음","crates/api/src/periods.rs:132; crates/extractor/src/workpool.rs:366-392","솔버 정확성·엣지케이스가 코드 리뷰와 그림자 지표에만 의존한다","matching"
"MT-27","구현 상태 판정","매칭 트랙의 구현 상태는 'Shadow 운영 + 운영자 대상 Recommendation 표시'이며 실제 배차 실행(Live)은 코드상 존재하지 않는다.","확인","높음","crates/api/src/livemap.rs:3968-3972; crates/api/src/workpool.rs:935-936; crates/api/src/main.rs:1-3","견적·일정에서 '배차 로직 완성'과 '실행 연동'을 반드시 분리해야 한다 — 실행 연동은 0에서 시작한다","matching"
"OR-01","Oracle 접근 방식","Oracle 접근은 JDBC/OCI 직결이나 CDC/Kafka가 아니라 외부 스크립트 remote-toolbox-sql을 자식 프로세스로 실행하는 폴링 단일 방식이며 SQL은 임시파일(--file)로 전달된다.","확인","높음","crates/extractor/src/runner.rs:1-72; crates/scengen/src/toolbox.rs:1-74; .env.example:1-6","SKILL_DIR 외부 스크립트 의존 — 없으면 전 추출이 즉시 실패하고 접속 자격증명·DSN이 저장소 밖이라 접속 계층이 블랙박스다","oracle"
"OR-02","쓰기 여부","Oracle에 쓰기(INSERT/UPDATE/DELETE/MERGE/프로시저 호출)를 하는 코드는 저장소 전체에 존재하지 않는다(유일한 COMMIT 히트는 로컬 Postgres 대상).","확인","높음","crates/extractor/sql/; README.md:9-11; scripts/reinfer_roadgraph.sh:235","","oracle"
"OR-03","동시성·부하 제어","Oracle 호출은 프로세스 내 전역 async Mutex로 직렬화되고, scengen은 별도 바이너리이지만 같은 스크립트를 공유해 프로세스 간에도 직렬화된다고 주석에 기재돼 있다(스크립트가 저장소에 없어 검증 불가).","추정","중간","crates/extractor/src/runner.rs:9-10; crates/scengen/src/toolbox.rs:1-13","프로세스 간 직렬화의 실체가 저장소 밖 스크립트에 있어 extractor·scengen 타이머가 겹치면 동시 세션 2개가 뜰 수 있다","oracle"
"OR-04","테이블 인벤토리","읽는 Oracle 객체는 TOSADM 스키마 13종이며 가장 무거운 두 축은 JOB_ORDER_HISTORY(7개 쿼리)와 MCH_OPERATION(9개 쿼리)이다.","확인","높음","crates/extractor/sql/; crates/scengen/src/enrich.rs:64-129; crates/scengen/src/snapshot.rs:60-69","","oracle"
"OR-05","시각 컬럼 형식","TOS의 시각 컬럼은 DATE형이 아니라 대부분 VARCHAR 'YYYYMMDD'+'HH24MISS' 조합이며 문자열 사전순 비교로 인덱스 안전하게 범위 스캔한다.","확인","높음","crates/extractor/src/params.rs:27-44; crates/extractor/sql/c10_k_tt_cycle.sql:17-19; crates/extractor/src/workpool.rs:80-88","COMPTIME 길이·값 이상이 실제로 존재해 SQL마다 방어 필터가 들어가 있다 — 원천 데이터 품질이 문자열 수준에서 깨져 있다는 신호","oracle"
"OR-06","시각 의미 구분","업무 발생시각(YT_DIS_DT=배차, ACTV_DT=활성화, JOB_HIST_DATE||TIME=완료, MCH_OPER_ST_DT/COMPTIME)과 반영시각(UPD_DT, VSS_STT_UP_DT)이 코드에서 명시적으로 구분돼 쓰인다.","확인","높음","crates/extractor/sql/workpool.sql:23-25; crates/extractor/sql/c08_k_crane_q.sql:9-13; crates/extractor/src/handover.rs:29-33","live_workpool.upd_ts는 '행 최종수정 ≈ 배차시각'이라는 근사라서 TOS가 다른 이유로 행을 갱신하면 배차시각이 오염된다","oracle"
"OR-07","증분·워터마크","핸드오버·QC무브·RTG무브·시나리오 수집은 Postgres etl_watermark(또는 scenario 워터마크)에 마지막 완료 이벤트 문자열을 저장하는 증분 폴링이며 첫 실행은 각각 10분 전·당일 00시부터 시작한다.","확인","높음","crates/extractor/src/handover.rs:43-68; crates/extractor/src/qc_moves.rs:42-64; crates/extractor/src/handover.rs:106-120","워터마크가 문자열 사전순이라 미래 날짜 이상치 1건이 들어오면 워터마크가 앞으로 튀어 이후 정상 데이터가 영구 누락될 수 있다(GREATEST로만 전진해 롤백 불가)","oracle"
"OR-08","데이터 유실 위험","qc_moves·rtg_moves·scengen yard_moves는 'MCH_OPER_COMPDATE = 오늘' 등가조건으로 당일치만 스캔하므로 서비스가 자정을 넘겨 정지하면 그 전날 미수집분은 영구히 복구되지 않는다.","확인","높음","crates/extractor/src/qc_moves.rs:59-64; crates/extractor/src/rtg_moves.rs:59-64; crates/scengen/src/yard.rs:56-62","장애 시 무브 로그에 되돌릴 수 없는 구멍이 생기고 tt_move_log·싸이클 KPI로 그대로 전파된다","oracle"
"OR-09","업무키·중복","무브 로그의 업무키는 (machno, contno, seqno), 핸드오버는 (contno, point, seqno)이며 모두 ON CONFLICT DO NOTHING이라 같은 키의 후속 갱신은 무시된다.","확인","높음","crates/extractor/src/qc_moves.rs:82-87; crates/extractor/src/handover.rs:82-87; crates/scengen/src/collect.rs:102-107","동일 크레인이 같은 컨테이너를 같은 seqno로 재작업하면 두 번째 이벤트가 조용히 버려진다(중복 억제와 유실이 구분되지 않음)","oracle"
"OR-10","캡·한도","모든 Oracle 쿼리에 상한이 있다: 집계 SQL은 FETCH FIRST 15~120행, 증분 스트림은 FETCH_CAP 3000~20000행, 시각 창은 당일 등가 또는 SYSDATE-2/-3/-30일로 제한된다(예외: 90초 workpool 쿼리는 행수 캡 없음).","확인","높음","crates/extractor/sql/e1c_k_util_crane_merged_intervals.sql:51; crates/scengen/src/collect.rs:133-152; crates/extractor/src/rtg_moves.rs:19-20","캡 도달 시 scengen만 gen_event에 기록하고 extractor(handover/qc/rtg)는 알리지 않아 밀림이 조용히 누적될 수 있다","oracle"
"OR-11","원천 보존기간","JOB_ORDER_HISTORY는 약 15일, MCH_OPERATION/VSS_STATISTICS는 35일 이상만 보존된다고 저장소 문서에 기록돼 있다.","확인","중간","README.md:82-84; kc/learn/tt-prediction.html:56; crates/extractor/src/handover.rs:42","장기 학습·시나리오 재생에는 Postgres 축적이 유일한 방법이며 축적이 끊긴 구간은 Oracle에서 재추출 불가('백필로 메우면 된다'가 성립하지 않음)","oracle"
"OR-12","문서-코드 상충","단일출처를 표방하는 kc/data/tos-extraction.html은 추출점 18개만 기재해, 실제 코드의 qc_moves와 scengen의 4개 Oracle 객체(CDV_VESSEL·CYY_CONTAINER·ETV_BAPLIE_CONT·ETV_MOVINS_STOWAGE) 및 ETW 게이트웨이가 누락돼 있다.","상충","높음","kc/data/tos-extraction.html:160-183; crates/extractor/src/qc_moves.rs:53-65; crates/scengen/src/enrich.rs:64-129","고객사에 '우리가 긁는 것 전부'로 이 문서를 제시하면 실제 부하·데이터 범위를 과소 보고하게 된다","oracle"
"OR-13","운영 활성화","저장소 문서(deploy/systemd/README.md)는 5개 타이머만 enable 대상으로 안내한다. [호스트] 실제 enabled 타이머는 16개이며, 안내 대상 5개 중 wp-tick-t1·wp-tick-t2는 호스트에 미설치다.","상충","높음","deploy/systemd/README.md:20-35; deploy/systemd/ [호스트] systemctl --user 관찰","문서가 안내하는 세트와 실제 가동 세트가 달라 Oracle 실부하·데이터 신선도 견적이 어긋날 수 있다","oracle"
"OR-14","킬스위치·격리","scengen의 모든 Oracle 수집은 scenario.config.enabled(기본 true) 소프트 킬스위치를 매 tick 읽어 끌 수 있고 실패해도 항상 Ok를 반환해 다른 서비스로 전파되지 않는다.","확인","높음","crates/scengen/src/collect.rs:37-56; db/migrations/0093_scenario.sql:14-20; crates/scengen/src/snapshot.rs:33-52","기본값이 true라 배포 즉시 Oracle을 치기 시작한다 — 고객사 승인 전 무단 부하가 될 소지","oracle"
"OR-15","SQL 조립 방식","바인드 변수를 쓰지 않고 문자열 리터럴 치환으로 SQL을 만들며 params::render는 미치환 토큰이 남으면 실패시킨다. scengen enrich는 Oracle에서 읽은 vessel/voyage 값을 그대로 삽입한다.","확인","높음","crates/extractor/src/params.rs:11-13; crates/extractor/src/params.rs:51-63; crates/scengen/src/enrich.rs:76-77","원천 데이터에 작은따옴표가 있으면 쿼리가 깨지거나 의도치 않은 술어가 된다(읽기 전용이라 파괴적이진 않음)","oracle"
"OR-16","개인정보(Oracle)","모든 Oracle 쿼리는 장비번호(YTNO/MACHNO/TRK_ID)·컨테이너번호·선박/항차만 읽고 운전자·작업자 이름이나 사번 컬럼은 조회하지 않는다.","확인","높음","crates/extractor/sql/e3a_k_util_tt_merged.sql:15-29; crates/scengen/src/enrich.rs:124","","oracle"
"OR-17","컬럼 취득 후 미사용","workpool.sql은 JOB_ODR_TWINKEY를 조회하지만 live_workpool INSERT 컬럼 목록에 twinkey가 없어 트윈키는 후보수요 중복제거에만 쓰이고 배차 화면 쪽으로는 저장되지 않는다.","확인","높음","crates/extractor/sql/workpool.sql:32; crates/extractor/src/workpool.rs:282-298; crates/extractor/src/workpool.rs:312-314","트윈 작업 1트럭=2컨 관계가 live_workpool 소비자에게 보이지 않아 하류에서 재계산이 필요하다","oracle"
"OR-18","스냅샷 덮어쓰기","live_workqueue·live_workpool·live_candidate·live_assigned_tt·live_vessel_schedule은 매 tick DELETE 후 재삽입하는 전량 교체 스냅샷이라 과거 상태 이력이 남지 않는다.","확인","높음","crates/extractor/src/workpool.rs:186-190; crates/extractor/src/workpool.rs:266-268; kc/dispatch/simulator-spec.html:158","큐 적체·마감 추이의 과거 재현이 불가능해 시뮬레이션·사후분석용 리플레이는 별도 append 이력이 필요하다","oracle"
"OR-19","CYY 스냅샷 한계","야드 재고 스냅샷은 CYY_CONTAINER를 4시간마다 블록단위로 집계해 저장하며 CYY는 매 ETL 덮어써지므로 과거 시점 야드상태는 앞으로만 축적 가능하다고 코드 주석에 명시돼 있다.","확인","높음","crates/scengen/src/snapshot.rs:1-7; deploy/systemd/wp-scenario-snapshot.timer:1-9","과거 기간 시나리오의 t=0 야드상태는 재구성 불가 — 시뮬레이션 범위가 수집 시작일 이후로 제한된다","oracle"
"OR-20","미구현 기능","scengen backfill 서브커맨드는 CLI에 존재하지만 구현이 스텁이라 로그만 남기고 Oracle 접근을 하지 않는다.","확인","높음","crates/scengen/src/main.rs:82-84","'과거 구간 백필 가능'을 기능으로 전제한 견적은 성립하지 않는다","oracle"
"OR-21","비-Oracle 입력","Oracle 외 외부 입력이 3개 있다: Open-Meteo 시간별 날씨, Tomorrow.io 1분 날씨(TOMORROW_API_KEY 필요), Azure tos_etw_gateway의 컨테이너별 ETW 스냅샷(HTTP, SSH 터널 경유). 모두 curl 프로세스 호출이다.","확인","높음","crates/extractor/src/weather.rs:1-30; crates/extractor/src/weather.rs:79-83; crates/extractor/src/workpool.rs:115-135","ETW 게이트웨이는 TOS 유래 데이터인데 Oracle이 아닌 별도 RPC 경로라 '본부 접근 목록'에서 빠지기 쉽다","oracle"
"LC-01","위치 소스","TT 위치의 1차 소스는 TOS가 아니라 웹소켓 GPS 피드이며 API 프로세스가 로컬 SSH 터널(ws://127.0.0.1:9986)로 직접 접속해 wpt_gps 존 핸드셰이크(identify → 2초 → checkin) 후 수신한다.","확인","높음","crates/api/src/livemap.rs:1-12; crates/api/src/livemap.rs:3005-3092; deploy/systemd/wp-ws-bridge.service:1-24","API 크레이트의 유일한 아웃바운드 클라이언트가 위치 수집이라 터널·SSH가 죽으면 위치 기능 전체가 동시에 죽는 단일 장애점이다","location"
"LC-02","위치 소스","TOS(Oracle) 추출 경로에는 좌표 컬럼이 없어 위치의 TOS 대체 소스가 없다. TOS가 주는 것은 좌표가 아닌 논리 위치 코드(cur_loc/topos1)와 위치성 데이터(VSB_VOY_STARTPOS, MCH_OPERATION의 TRK_ID+MACHNO)뿐이다.","확인","중간","crates/extractor/src/ (rg 'lat' 0건); crates/api/src/livemap.rs:3226-3236; crates/scengen/src/enrich.rs:67-73","웹소켓이 끊기면 위치 기반 배차·비용 계산의 폴백 좌표가 없다","location"
"LC-03","메시지 형식","프레임 형식은 {""data"":{""id"":""TT1074"",""zone"":""wpt_gps"",""datas"":""<gps_update JSON 문자열>""}}이며 datas가 이중 인코딩된 JSON 문자열이라 두 번 파싱한다.","확인","높음","crates/api/src/livemap.rs:3186-3200","","location"
"LC-04","메시지 형식","파싱하는 gps_update 필드는 lat·lon·speed·engine_on·jobtype·vslname·container1/2·cur_loc·topos1/2·arrival·arr_dtime·fuel_level·accuracy·userid·batt·nett·dtime·distance이고 좌표는 WGS84 lat/lon 숫자를 그대로 쓴다.","확인","높음","crates/api/src/livemap.rs:3198-3245; crates/api/src/livemap.rs:36-60","speed는 문자열에서 단위를 잘라내 파싱하며 실패 시 0.0으로 떨어져 포맷 변경 시 조용히 '정지'로 오분류된다","location"
"LC-05","좌표계","저장·API·프론트는 모두 WGS84 lat/lon이며 로컬 미터 좌표(to_local/from_local, 원점 REF 2.926/101.29 등거리 근사)는 안벽 PCA·크레인 작업지점·맵매칭 투영 내부 계산에만 쓰인다.","확인","높음","crates/api/src/livemap.rs:404-414; crates/api/src/livemap.rs:823-830","","location"
"LC-06","수신 주기·커버리지","장비별 기저 케이던스는 중앙 3초이고 TT의 89.9%가 30초 이내 보고하지만, GPS 단말이 움직일 때만 보고해 정차 시 침묵하는 것이 근본 한계로 감사되어 있다. [문서]","확인","높음","kc/data/websocket-coverage.html:19,37-40,55; kc/data/websocket-coverage.html:60-61","'멈춘 트럭'(유휴 onset·큐 대기·정밀 도착)은 GPS 단독으로 구조적 관측 불가 — 배차 리드타임 정확도의 상한을 규정한다","location"
"LC-07","수신 주기·커버리지","장비 수 단서는 health 총계 453~622대이며 엔진ON TT는 약 138대, 그 중 120초 내 GPS 커버리지는 134/138 약 97%로 감사되었다. [문서]","확인","중간","kc/data/websocket-coverage.html:66-67","'lost %'가 분모 정의에 따라 41~74%로 흔들리므로 커버리지 KPI를 단일 상수로 인용하면 안 된다","location"
"LC-08","시각 의미","모든 위치 레코드의 ts는 수신(ingest) 시각 Utc::now()이고 소스 타임스탬프 dtime은 문자열로 통과만 할 뿐 어떤 계산·저장 시각에도 쓰이지 않는다.","확인","높음","crates/api/src/livemap.rs:3236; crates/api/src/livemap.rs:1123; crates/api/src/livemap.rs:3218-3221,4632-4634","소스↔수집 지연을 분리 측정할 수 없어 피드 지연이 곧바로 '트럭이 그 시각 그 위치'로 기록된다","location"
"LC-09","시각 의미","소스 시각을 실제로 해석하는 유일한 필드는 arr_dtime(HH:MM:SS, 터미널 MYT)이며 parse_arr_dtime이 자정 롤오버 보정과 6시간 초과 거부를 하고 v2 사이클의 도착시각으로 채택된다.","확인","높음","crates/api/src/livemap.rs:3774-3796; crates/api/src/livemap.rs:3514-3526","장비 로컬시계 오차가 그대로 도착시각으로 들어간다(교차 검증 로직 없음)","location"
"LC-10","신선도 임계값","신선도 상수는 FRESH_UNDER_S=15, STALE_AFTER_S=120(초과 시 /api/livemap/positions에서 제외), LOST_AFTER_S=600(60초 프루너가 인메모리 맵에서 제거)이다.","확인","높음","crates/api/src/livemap.rs:27-33; crates/api/src/livemap.rs:1071-1075; crates/api/src/livemap.rs:2995-3003","","location"
"LC-11","신선도 임계값","위치 이력 수집 태스크들은 lm.connected가 false면 틱을 건너뛰고 신선(<=120초) 장비만 기록하므로 피드 장애 중에는 위치 이력에 행이 생기지 않는다.","확인","높음","crates/api/src/livemap.rs:4628-4656; crates/api/src/livemap.rs:4793-4812","장애 구간이 데이터 '공백'으로만 남고 장애 마커 행이 없어 사후 분석에서 '트럭 없음'과 '피드 없음'이 구분되지 않는다","location"
"LC-12","품질 처리","좌표 튐 방지는 다층이다: (0,0) 프레임 폐기, 단일 스텝 600m 초과 무시, 차선학습 5~200m 밴드, 블록 centroid 300m 아웃라이어 게이트, 프론트 50km/h 초과 스파이크 제거.","확인","높음","crates/api/src/livemap.rs:3201-3204; crates/api/src/livemap.rs:222-225,313-315,277; crates/api/src/livemap.rs:3340-3349; web/src/LiveMapPage.tsx:43,860-876","","location"
"LC-13","품질 처리","공백(gap) 보정은 프론트의 3분 홀드와 5초 스무딩 보간, 백엔드의 latched 필드(결측 프레임에서 직전 container/jobtype/vessel/topos 유지)로 구현되어 있다.","확인","높음","web/src/LiveMapPage.tsx:999-1004; crates/api/src/livemap.rs:3330-3339; crates/api/src/livemap.rs:62-70","프론트 3분 홀드는 마지막 위치를 계속 그리므로 OutageBanner가 없으면 정지 데이터가 라이브처럼 보인다(실제 오인 사례 있음)","location"
"LC-14","맵매칭","도로망 맵매칭은 구현되어 있으나 SHADOW 전용이다 — 5초마다 각 TT의 GPS를 예상 경로에 투영해 진행률을 mm_arrival_shadow에 적재할 뿐 라이브 도착 판정·배차에는 반영되지 않는다.","확인","높음","crates/api/src/livemap.rs:1834-1841; crates/api/src/livemap.rs:1936-1940; db/migrations/0090_mm_arrival_shadow.sql:1-19","도착 포착 개선이 아직 운영에 미반영 — 견적 시 '구현됨'과 '활성화됨'을 구분해야 한다","location"
"LC-15","폴백","GPS가 침묵한 트럭에 대한 폴백은 좌표 대체가 아니라 '마지막 위치 유지 + 논리 위치 사용'이다: 적재 상태로 드롭지점 120m 이내에서 침묵한 트럭은 최대 20분(SILENT_HOLD_S) 곧-유휴 후보로 유지한다.","확인","높음","crates/api/src/livemap.rs:4167-4171; crates/api/src/livemap.rs:4218-4232","곧-비는 트럭의 상당 부분이 이 홀드에 의존하므로 임계값이 틀리면 배차 후보 풀이 통째로 흔들린다","location"
"LC-16","폴백","크레인·블록 위치는 GPS가 없거나 흔들릴 때 학습된 작업지점 좌표(learn_topos_point centroid, QC는 안벽 PCA 라인 투영 + 15분 반감기 recency)로 대체된다.","확인","높음","crates/api/src/livemap.rs:396-410; crates/api/src/livemap.rs:1063-1069; db/migrations/0026_learn_topos.sql:1-25","QC GPS는 스프레더 장착이라 원좌표를 그대로 쓰면 26m 진동·185m centroid 뭉갬이 발생 — 보정이 빠지면 거리비용이 왜곡된다","location"
"LC-17","위치→비용","위치 정확도는 배차 비용에 직접 들어간다: 트럭 원GPS를 도로망에 스냅(출발 150m·목적지 60m 허용)해 route 시간을 쓰고 스냅·경로 실패 시 맨해튼 거리 ÷ SEG_SPEED_MS(3.30 m/s)로 폴백한다.","확인","높음","crates/api/src/roadgraph.rs:22-28,103-140,162-200; crates/api/src/livemap.rs:3840-3845; crates/api/src/livemap.rs:4306-4320","스테이징 포켓 등 도로망 밖 트럭은 150m까지 억지 스냅되거나 상수 폴백으로 계산돼 위치 오차가 곧 비용 오차·매칭 오류로 전이된다","location"
"LC-18","도착 판정","도착 지오펜스는 자기 topos1 centroid 기준 70m(GEOFENCE_DROP_M)이며 측정된 recall(DS 59·LD 61)·precision 96%의 파레토 점으로 선택되었다고 코드 주석에 근거가 남아 있다.","확인","높음","crates/api/src/livemap.rs:755-790; crates/api/src/livemap.rs:762-766","","location"
"LC-19","장애 표시","프론트 장애 신호는 오직 /api/livemap/health(약 5초 폴링)의 color·connected·last_msg_age_s이며 일 단위 ETL인 /api/health를 쓰면 안 된다고 코드에 명시되어 있고 전역 OutageBanner가 모든 페이지에 뜬다.","확인","높음","web/src/App.tsx:63-90; web/src/App.tsx:99-121,703; crates/api/src/livemap.rs:1417-1432","","location"
"LC-20","장애 표시","라이브맵은 live/stale/replay 3모드를 구분하며 라이브 요청 중 피드가 죽으면(연결끊김 또는 as_of 120초 초과) 캔 리플레이를 그리지 않고 마지막 위치를 정지시킨 채 '데이터 정지' 오버레이를 띄운다.","확인","높음","web/src/LiveMapPage.tsx:1067-1076; web/src/LiveMapPage.tsx:1029-1034; web/src/LiveMapPage.tsx:1186-1190; web/src/TtPage.tsx:175-186","","location"
"LC-21","보존","위치 이력 보존기간은 truck_pos_hist 2일, truck_pos_hifreq 5일, rtg_pos_hist 3일이며 정리는 각 수집 태스크 내부의 주기적 DELETE로만 수행된다(파티셔닝·외부 크론 없음).","확인","높음","crates/api/src/livemap.rs:4673-4676; crates/api/src/livemap.rs:4726-4730; crates/api/src/livemap.rs:4827-4831; scripts/populate_tt_cycle_recon.sql:18","API 프로세스가 죽어 있으면 프루닝도 멈춘다. hifreq가 5일뿐이라 GPS 기반 사이클 재구성은 보존기간 안에서 돌려야 한다","location"
"LC-22","보존·함정","truck_pos_hist는 raw GPS가 아니라 30초 배치 스냅샷이므로 신선도·커버리지 분석에 쓰면 과대표시되며 그 용도로는 truck_pos_hifreq/rtg_pos_hist를 써야 한다고 감사 문서가 경고한다. [문서]","확인","높음","kc/data/websocket-coverage.html:68; crates/api/src/livemap.rs:4628-4665","이 함정을 모르고 커버리지를 인용하면 실제보다 2배 이상 좋게 보인다","location"
"LC-23","보조 피드","두 번째 웹소켓 존 ctab은 QC 크레인 PLC(load/lock/land/hpos/tpos)를 주며 위치가 아닌 하역 상태를 제공하고 identify만 하고 checkin은 하지 않는다.","확인","높음","crates/api/src/livemap.rs:3094-3170; db/migrations/0086_rtg_pos_hist.sql:1-8","RTG는 PLC가 전무해 DS 측 핸드오버는 GPS 근접(약 16%)에만 의존하는 비대칭이 남는다","location"
"LC-24","수집 배선","위치 관련 백그라운드 태스크는 API 바이너리 main()에서 전부 spawn되며 systemd 타이머가 아니라 프로세스 수명에 묶여 있다(pos_hist 30초, hifreq 3초, rtg_pos_hist 3초, mapmatch 5초).","확인","높음","crates/api/src/main.rs:111-137","API 재시작 시 인메모리 latch·centroid·사이클 상태가 초기화된다(centroid/lane은 DB 복원, 트럭별 latch는 아님)","location"
"LC-25","연결 감시","소스가 ping에 pong하지 않기 때문에 죽은 소켓은 60초 수신 타임아웃으로 감지하고 재연결은 2초에서 30초까지 지수 백오프한다.","확인","높음","crates/api/src/livemap.rs:3070-3092; crates/api/src/livemap.rs:3016-3029","피드 장애 인지 지연 하한이 60초다","location"
"LC-26","운영 활성 여부","deploy/systemd/README.md의 타이머 표·설치 절차에 wp-ws-bridge가 언급되어 있지 않다. [호스트] 해당 유닛은 호스트에서 상주(Restart=always/5s)로 확인된다.","상충","중간","deploy/systemd/README.md:1-40; deploy/systemd/wp-ws-bridge.service:1-24","위치 파이프라인의 전제(터널 상시가동)를 저장소 문서가 뒷받침하지 않아 인수인계 시 누락 위험","location"
"OP-01","TOS 연계","저장소 전체에서 Oracle TOSADM으로 INSERT/UPDATE/MERGE/DELETE를 보내는 코드는 존재하지 않는다.","확인","높음","crates/scengen/src/collect.rs:66-88; crates/extractor/src/runner.rs:1-45; crates/scengen/src/toolbox.rs:1-75","실서비스 전환 시 출력 채널을 새로 만들어야 한다","output"
"OP-02","TOS 연계","TOS 쓰기 패턴(INSERT INTO TOSADM / UPDATE TOSADM / MERGE INTO / CALL / EXEC / dbms_ / procedure) 전수 검색에서 해당 히트가 0건이다.","확인","높음","crates/ (rg 전수); scripts/reinfer_roadgraph.sh:235","","output"
"OP-03","API 표면","대시보드 API의 HTTP 라우트 31개는 모두 GET이며 POST/PUT/DELETE/PATCH 엔드포인트가 하나도 없다.","확인","높음","crates/api/src/main.rs:45-75","","output"
"OP-04","API 표면","대시보드 API에는 인증·인가 계층이 없고 CORS는 permissive로 열려 있다.","확인","높음","crates/api/src/main.rs:75-76; crates/api/src/main.rs (auth/bearer/jwt/api_key 0건)","권고를 외부 채널로 승격할 때 인증 설계가 통째로 신규 작업(견적 반영 필요)","output"
"OP-05","Postgres 권한","README와 db/grants.sql은 API가 읽기전용 wp_ro 역할로 접속한다고 선언하지만 실제 API 프로세스는 Postgres 다수 테이블에 INSERT를 수행하므로 문서와 코드가 상충한다.","상충","높음","db/grants.sql:1-30; README.md:75-77; crates/api/src/livemap.rs:1497,2093,2840,4608,4983; crates/api/src/workpool.rs:731; crates/api/src/roadgraph.rs:503","운영 DB 권한 설명을 grants.sql 기준으로 하면 사실과 다르며 감사·보안 문답에서 즉시 드러난다","output"
"OP-06","산출물 저장","배차 권고 결과는 Postgres public 스키마의 그림자 테이블(stage2_match_shadow, stage2_solver_shadow, dispatch_compare_shadow, fair_compare_shadow/detail, dispatch_pred_sample)에 API 프로세스의 백그라운드 태스크가 적재한다.","확인","높음","crates/api/src/main.rs:126-137; db/migrations/0052_stage2_match_shadow.sql; db/migrations/0058_dispatch_compare_shadow.sql; db/migrations/0061_fair_compare_shadow.sql","","output"
"OP-07","소비처","권고 결과의 소비처는 자체 React SPA 4개 화면(Stage2Page 배차비교, HealthPage 배차엔진 헬스, LiveMapPage 작업지점 오버레이, TtPage 우리 픽)뿐이며 CSV·리포트·외부 전송은 없다.","확인","높음","web/src/Stage2Page.tsx:1-3,82-84; web/src/HealthPage.tsx:103-110; web/src/LiveMapPage.tsx:432,587; web/src/TtPage.tsx:265","","output"
"OP-08","프론트","web/src 어디에도 POST/PUT/DELETE/PATCH fetch가 없고 api.ts의 단일 fetch는 메서드 없는 GET이므로 프론트는 순수 조회 전용이다.","확인","높음","web/src/api.ts:298; web/src/ (method 검색 0건)","운영자가 화면에서 권고를 채택·기각하는 조작 자체가 불가능(운영자 UI 미구현)","output"
"OP-09","운영자 피드백","운영자의 Override/Swap 채택·거부 결과를 수집·저장하는 코드나 테이블은 존재하지 않는다.","확인","높음","web/src/TtPage.tsx:167-227; crates/ (override/adopt/reject 검색 무관 히트만); kc/dispatch/stage2-rollout.html","롤아웃 게이트 기준인 '현장 거부율'을 현재 데이터로 측정할 수 없다","output"
"OP-10","멱등성·Ack","멱등성 개념은 Postgres upsert(ON CONFLICT/PK) 수준으로만 존재하고 배차 지시용 커맨드 ID·Ack·재전송 개념은 코드에 없다(유일한 cmd_id는 scenario.command로 시뮬레이터 내부 잡 큐다).","확인","높음","db/migrations/0020_tt_cycle_log.sql:11; db/migrations/0092_tt_move_log.sql:41; db/migrations/0093_scenario.sql:74-85","Phase 2 전환 시 전달보증(at-least-once + 중복제거) 설계가 전부 신규","output"
"OP-11","scengen 격리","scengen은 별도 바이너리·별도 포트(8899)·별도 scenario 스키마로 격리되어 실배차 경로와 분리되며 산출물은 브라우저 다운로드용 scenario/emulator JSON 파일이다.","확인","높음","crates/scengen/src/lib.rs:1-14; crates/scengen/src/serve.rs:32-44,86-115; db/migrations/0093_scenario.sql:1-8; deploy/systemd/wp-scenario-web.service:1-12","","output"
"OP-12","scengen 제어면","scengen serve의 POST /api/scenario/config(킬스위치)가 저장소에서 유일한 비-GET 쓰기 엔드포인트이며 인증이 없고 0.0.0.0에 바인딩된다.","확인","높음","crates/scengen/src/serve.rs:32-44; db/migrations/0093_scenario.sql:11-24","네트워크 접근 가능한 누구나 수집기를 끌 수 있다(비핵심 서브시스템 한정이라 영향은 제한적)","output"
"OP-13","scengen 문서 상충","마이그레이션 주석은 'crates/api가 /sim UI용으로 scenario.*를 읽는다'고 적었지만 crates/api에 /api/scenario 라우트가 없고 web/sim 디렉터리도 없다.","상충","높음","db/migrations/0093_scenario.sql:3-4; crates/api/src/main.rs:43-79; crates/scengen/src/serve.rs:131-137","시나리오 UI가 대시보드에 통합되어 있다고 오해하면 견적·데모 계획이 어긋난다","output"
"OP-14","운영 단계","[문서] 지식센터는 현재를 'Phase 0 그림자 — 계산·권고·검증만, 실제 차량 지시는 TOS'로 규정하고 권고 브로드캐스트 채널(A1)과 TOS 소비 계약(A2)을 미착수로 표시한다.","확인","높음","kc/start/launch-plan.html:44-47; kc/start/launch-plan.html:75-81","출력 채널·계약이 조직 합의 병목으로 명시됨 — 일정 리스크 최상위","output"
"OP-15","Fallback","이 시스템이 멈춰도 실제 차량 지시는 TOS가 계속 수행하므로 배차는 중단되지 않지만, 코드 레벨의 자동 강등·폴백 로직은 구현되어 있지 않다.","확인","높음","kc/start/launch-plan.html:80; kc/dispatch/stage2-rollout.html; kc/learn/tt-dispatch-problem.html:57","현재는 무해(그림자)이나 Phase 2 이후 폴백은 전부 신규 개발","output"
"OP-16","외부 연계","DigiPort·KPI 계층 등 외부 시스템으로 데이터를 내보내는 계약·코드(webhook/kafka/mqtt/S3/FTP/이메일/CSV export)는 저장소에 존재하지 않는다.","확인","높음","crates/ (전수 검색 0건); deploy/systemd/","","output"
"OP-17","데이터 흐름","Oracle에서 Postgres로의 단방향 수집은 저장소 기준 systemd 타이머 18개(nightly, tick-t1/t2, shift-t1/t2, handover 60초, qc/rtg-moves 5분, tt-move-log, tt-cycle-recon, weather, workpool, scenario 계열)로 구성된다.","확인","높음","deploy/systemd/README.md:1-15; deploy/systemd/wp-handover.timer:1-11; deploy/systemd/wp-scenario-collect.timer:1-11","","output"
"OP-18","운영 활성화","systemd 유닛 파일 존재는 운영 활성화를 증명하지 않는다. [호스트] 2026-07-22 관찰에서 enabled 타이머는 16개이며 wp-tick-t1·wp-tick-t2는 미설치, wp-api·wp-etw-bridge는 호스트에만 존재한다.","확인","중간","deploy/systemd/README.md:20-40; [호스트] systemctl --user 관찰","코드 존재는 운영 활성과 다르며 저장소만으로는 가동 세트를 확정할 수 없다(재확인 권장)","output"
"OS-01","헬스체크","헬스 엔드포인트는 3개다 — /api/health(data_freshness 롤업, 일 ETL 신호), /api/livemap/health(GPS 피드), /api/health/dispatch(배차 틱 age<120초로 up 판정). liveness/readiness 구분은 없다.","확인","높음","crates/api/src/main.rs:45-75; crates/api/src/routes.rs:469-490; crates/api/src/livemap.rs:1273-1420","K8s식 readiness/liveness probe로 쓸 수 없어 무인 재기동·트래픽 차단 자동화가 불가하다","ops"
"OS-02","헬스체크 신호","프론트 전역 장애 배너는 /api/livemap/health의 connected·last_msg_age_s만 신호로 쓰고 /api/health는 일 단위 ETL 신선도라 실시간 판정에 쓰면 안 된다고 코드 주석이 명시한다.","확인","높음","web/src/App.tsx:64-84; web/src/App.tsx:100,703; web/src/FeedHealthPage.tsx:3,48","실시간 장애 판정이 GPS 피드 단일 신호에 묶여 있어 TOS 추출기만 죽은 경우는 배너가 뜨지 않는다","ops"
"OS-03","중복 실행 방지","DB advisory lock·파일 락·leader election은 저장소 어디에도 없고 동시 실행 방지는 systemd oneshot 특성과 프로세스 내 tokio Mutex에만 의존한다.","확인","높음","crates/extractor/src/runner.rs:1-10; crates/scengen/src/toolbox.rs:1-13; deploy/systemd/ (lock/flock/Conflicts= 0건)","서로 다른 유닛이 동시에 Oracle을 칠 수 있고 직렬화 근거가 저장소 밖 스크립트에 있어 검증 불가","ops"
"OS-04","중복 실행 방지","프로세스 간 Oracle 접근 직렬화의 실제 구현체인 remote-toolbox-sql 스크립트는 저장소에 없고 SKILL_DIR 경로로 외부 참조만 된다.","미확인","중간","crates/extractor/src/runner.rs:20-27; crates/scengen/src/toolbox.rs:2-3","운영 DB 부하 상한의 마지막 방어선이 저장소 밖 제3자 스크립트에 있다 — 견적·인수인계 시 소스 확보 필요","ops"
"OS-05","HA·Replica","Replica·HA 구성 흔적이 없고 전 구성요소가 단일 사용자 홈(%h) 기준 단일 호스트에 배치된 systemd --user 유닛이다.","확인","높음","deploy/systemd/README.md:17-38; deploy/systemd/wp-nightly.service:7-9; kc/reference/references.html:30-33","호스트 또는 실행 계정 하나가 죽으면 수집·API·대시보드가 전부 동시 정지한다(SPOF)","ops"
"OS-06","모니터링·알림","Prometheus·Grafana·OpenTelemetry·Sentry·PagerDuty·Slack webhook 등 어떤 알림·메트릭 스택도 저장소에 존재하지 않으며 systemd OnFailure=도 0건이다. 관측 수단은 표준출력(journald) 로그뿐이다.","확인","높음","crates/api/src/main.rs:104-110; kc/start/launch-plan.html:40-42; deploy/systemd/","장애가 사람이 화면을 볼 때까지 발견되지 않는다(2026-07-16 케이블 단선 후 낡은 데이터가 조용히 표시된 전례)","ops"
"OS-07","감사·실행로그","ETL 실행 감사는 etl_run_log(run_id·kpi_key·상태·rows_written·error_text)와 data_freshness 두 테이블로 이뤄지고 시나리오 서브시스템은 별도로 scenario.gen_run/gen_event를 쓴다.","확인","높음","db/migrations/0001_run_log.sql:1-26; crates/extractor/src/db.rs:17-70; db/migrations/0093_scenario.sql:26-55","etl_run_log에 보존정책이 없어 무한 증가한다","ops"
"OS-08","트레이싱","요청 단위 Trace ID나 상관관계 ID는 없으며 HTTP 로깅 미들웨어(TraceLayer)도 붙어 있지 않다.","확인","중간","crates/api/src/main.rs:43-77; crates/api/src/main.rs:104-110; db/migrations/0001_run_log.sql:5-14","API 오류를 특정 사용자·요청으로 역추적할 수 없다","ops"
"OS-09","재시도·복원력","추출 실패 시 재시도·백오프 코드는 없고 실패는 로그만 남기고 다음 타이머 주기를 기다린다.","확인","높음","crates/extractor/src/main.rs:144,162,218-220; crates/extractor/src/main.rs:169; deploy/systemd/README.md:46","일시적 Oracle 타임아웃이 해당 주기 데이터 공백으로 직결된다","ops"
"OS-10","systemd 복원력","저장소의 oneshot 추출 유닛에는 Restart=·OnFailure=·TimeoutStartSec= 지시자가 전혀 없고 Restart 설정이 있는 것은 wp-ws-bridge(always)와 wp-scenario-web(on-failure) 둘뿐이다.","확인","높음","deploy/systemd/wp-handover.service:1-9; deploy/systemd/wp-ws-bridge.service:19-20; deploy/systemd/wp-scenario-web.service:8-9","실패 알림도 재시도도 없어 조용한 데이터 결손이 누적된다","ops"
"OS-11","배포·롤백","배포 절차는 cargo build --release → 유닛 복사 → systemctl --user enable 수준으로만 문서화되어 있고 롤백 절차 문서는 없다.","확인","높음","deploy/systemd/README.md:17-38; kc/reference/references.html:32; kc/start/launch-plan.html:68,89","잘못된 릴리스를 되돌리는 표준 절차가 없어 복구가 개인 숙련도에 의존한다","ops"
"OS-12","배포 형상관리","운영에서 돌고 있는 wp-api.service의 유닛 파일이 저장소 deploy/systemd(.service 20 + .timer 18)에 없다.","상충","높음","kc/reference/references.html:32; deploy/systemd/","핵심 서비스의 기동 인자·환경·재시작 정책이 형상관리 밖에 있어 호스트 재구축 시 재현 불가","ops"
"OS-13","비밀 관리","비밀은 시크릿 매니저 없이 저장소 루트 .env 파일 한 개로 관리되며 systemd EnvironmentFile로 주입된다(키: DATABASE_URL, SKILL_DIR, API_ADDR, ETW_GATEWAY_URL, TOMORROW_API_KEY, 값은 <redacted>).","확인","높음","deploy/systemd/wp-nightly.service:7; .gitignore:2; .env.example:1-10","키 회전·접근 감사 기능이 없다","ops"
"OS-14","비밀 관리","운영 .env 파일 권한이 0644(그룹·기타 사용자 읽기 가능)로 되어 있다.","확인","높음","[호스트] .env 파일 권한 관찰","같은 호스트의 다른 계정이 DB 접속정보와 외부 API 키를 읽을 수 있다 — 0600 조정 필요","ops"
"OS-15","비밀 관리","DB 자격증명이 커밋된 스크립트와 SQL에 평문으로 하드코딩되어 있다(값은 <redacted>).","확인","높음","scripts/reinfer_roadgraph.sh:8-10; db/grants.sql:6-12; deploy/dev-db.sh:14-18; scripts/estimate_equipment_specs.sh:17; scripts/travel_gbm_shadow.py:14","개발용 약한 자격증명이 운영 Postgres에 그대로 쓰이는 것으로 보이며 저장소가 곧 자격증명 저장소가 되어 있다","ops"
"OS-16","DB 권한","db/grants.sql의 읽기전용 wp_ro 역할은 7개 테이블에만 SELECT를 부여하는데 API는 실제로 다수 INSERT·DELETE를 수행(livemap.rs만 INSERT 31건)하므로 이 역할로는 운영이 불가능하다. wp_ro는 채택된 적 없는 잔존 계획이다.","상충","높음","db/grants.sql:16-28; README.md:75-81; crates/api/src/livemap.rs:1497,2093,2560,2611; crates/api/src/main.rs:115-139","문서상 최소권한 방어선이 사실상 무효다 — API가 쓰기 권한 계정으로 도는 것이 확실하며 권한 분리 재설계가 필요하다","ops"
"OS-17","네트워크·CORS","대시보드 API는 기본 및 운영 설정 모두 127.0.0.1로 바인딩하지만 CorsLayer::permissive()가 그대로 적용되어 있고 인증 계층이 전혀 없다.","확인","높음","crates/api/src/main.rs:76; crates/api/src/main.rs:142-143; README.md:80","내부망 안에서는 누구나 인증 없이 전 API를 호출할 수 있다","ops"
"OS-18","네트워크·보안","scengen 모니터 웹은 0.0.0.0:8899에 바인딩되며 인증 없이 킬스위치를 쓰는 POST /api/scenario/config 엔드포인트를 노출한다.","확인","높음","crates/scengen/src/serve.rs:33-44; deploy/systemd/wp-scenario-web.service:7; db/migrations/0093_scenario.sql:11-23","호스트에 도달 가능한 누구나 시나리오 수집기를 정지시키거나 대용량 assemble 다운로드를 유발할 수 있다","ops"
"OS-19","개인정보","GPS 피드의 userid(운전자 ID + 전화번호)가 마스킹 없이 /api/livemap/positions 응답에 실려 화면 상세 패널에 표시된다. DB 영속 저장은 마이그레이션에서 확인되지 않는다.","확인","높음","kc/data/websocket-fields.html:42; crates/api/src/livemap.rs:3233,3808-3812; crates/api/src/livemap.rs:1120; web/src/LiveVehicleDetail.tsx:166","개인정보(전화번호)가 인증 없는 API로 노출된다","ops"
"OS-20","데이터 보존","보존정책은 별도 배치가 아니라 API 백그라운드 태스크 안의 인라인 DELETE로 구현되어 있고 테이블별로 2~60일로 제각각이다.","확인","높음","crates/api/src/livemap.rs:2305; crates/api/src/livemap.rs:1776,2514,4486; crates/api/src/roadgraph.rs:521; db/migrations/0093_scenario.sql:20","API 프로세스가 죽어 있는 동안 정리도 멈춰 디스크가 증가하고, 보존정책이 단일 지점에 문서화되어 있지 않아 일괄 조정이 불가하다","ops"
"OS-21","스케줄링 형상관리","시간별 도로망 재추론(reinfer_roadgraph.sh)과 15분 주기 GBM 그림자(travel_gbm_shadow.py)는 systemd가 아니라 crontab으로 돈다. [호스트] crontab 2건이 실제로 등록되어 있으나 저장소에는 스케줄 정의가 없다.","상충","높음","scripts/travel_gbm_shadow.py:5; scripts/reinfer_roadgraph.sh:5; crates/api/src/roadgraph.rs:48-50; [호스트] crontab -l 관찰","배차 비용의 본체인 도로망 그래프 생산 스케줄이 형상관리 밖에 있어 호스트 재구축 시 누락되기 쉽고, crontab 라인에 평문 DB 비밀번호가 포함된다","ops"
"OS-22","운영 성숙도 자체 평가","[문서] 프로젝트 스스로 장애 대응·폴백(C1), 모니터링·알림(C2), 프로덕션 하드닝(C3), 롤백 설계(D1)를 모두 미착수로 기록하고 현 단계를 'Phase 0 · 그림자'로 규정한다.","확인","높음","kc/start/launch-plan.html:38-42; kc/start/launch-plan.html:68; kc/start/launch-plan.html:89","24/7 무인 운영 등급이 아니라는 점을 프로젝트가 인정하고 있다 — 비기능 요건 구축분을 별도 계상해야 한다","ops"
"OS-23","격리 설계","시나리오 서브시스템(scengen)은 전용 스키마·전용 워터마크·짧은 Oracle 타임아웃(45초 대 90초)·Nice=19·소프트 킬스위치로 임계 경로와 격리되도록 설계되어 있다.","확인","높음","deploy/systemd/wp-scenario-collect.service:2,9; crates/scengen/src/toolbox.rs:1-6; db/migrations/0093_scenario.sql:1-24","격리의 실효성은 외부 스크립트 직렬화 전제에 의존한다","ops"
"OS-24","외부 의존·터널","GPS 피드는 SSH 터널(wp-ws-bridge)로 들어오며 Restart=always·ServerAlive·ExitOnForwardFailure로 자동 복구가 설계된 (저장소 내) 유일한 구성요소다(호스트·IP는 <redacted>).","확인","높음","deploy/systemd/wp-ws-bridge.service:8-21; crates/api/src/main.rs:1-3","터널이 살아 있어도 상류 GPS 단말이 침묵하면 감지되지 않는다(피드 age로만 간접 판정)","ops"
"VL-01","폴링 주기(systemd 타이머)","저장소 스케줄은 18개 user systemd 타이머로 구성되며 가장 빠른 TOS 폴링은 60초(handover), 작업풀 90초, MCH_OPERATION 계열 5분, 무거운 JOB_ORDER_HISTORY 계열 15~20분, 야간 전체 추출 01:30 1회다. [호스트] 실제 enabled는 16개다.","확인","높음","deploy/systemd/wp-handover.timer:2-7; deploy/systemd/wp-workpool.timer:2-7; deploy/systemd/wp-rtg-moves.timer:2-7; deploy/systemd/wp-qc-moves.timer:2-7; deploy/systemd/wp-nightly.timer:2-7; deploy/systemd/README.md:1-15","TOS 유래 신호의 최소 지연이 곧 이 주기다 — 실시간 배차에는 부족하므로 '폴링→이벤트' 전환 비용을 견적에 포함해야 한다","volume"
"VL-02","폴링 주기(Postgres·scengen)","Oracle을 건드리지 않는 Postgres 전용 잡은 tt_move_log 5분·tt_cycle_recon 10분이며 scengen 계열은 수집 10분·야드무브 5분·야드재구성 10분·enrich 15분·스냅샷 4시간이다.","확인","높음","deploy/systemd/wp-tt-move-log.timer:2-7; deploy/systemd/wp-tt-cycle-recon.timer:2-7; deploy/systemd/wp-scenario-collect.timer:2-7; deploy/systemd/wp-scenario-yard.timer:2-7; deploy/systemd/wp-scenario-enrich.timer:2-7; deploy/systemd/wp-scenario-snapshot.timer:2-7","싸이클 KPI는 handover(60초)→tt_move_log(5분)→tt_cycle_recon(10분) 체인을 거쳐 구조적으로 최대 약 16분 지연된다","volume"
"VL-03","Oracle 쿼리 상한","증분 추출 쿼리는 모두 FETCH FIRST n ROWS ONLY로 캡되어 있으며 값은 handover 3,000 · rtg/qc moves 5,000 · scengen collect 5,000 · scengen yard 8,000 · scengen enrich 20,000이다.","확인","높음","crates/extractor/src/handover.rs:20,60-67; crates/extractor/src/rtg_moves.rs:20,41-64; crates/extractor/src/qc_moves.rs:19,41-64; crates/scengen/src/collect.rs:22,81,133-150; crates/scengen/src/yard.rs:18,62,119; crates/scengen/src/enrich.rs:22,117-128","캡에 걸리면 워터마크가 다음 틱으로 이월되어 데이터가 늦게 들어오며 물량 급증 시 지연이 누적될 수 있다","volume"
"VL-04","캡 없는 쿼리","90초마다 도는 작업풀 쿼리(workpool.sql / assigned_tt.sql)에는 행 수 캡이 없고 상태 필터와 CRE_DT >= TRUNC(SYSDATE)-2 라는 2일 범위로만 제한된다.","확인","높음","crates/extractor/sql/workpool.sql:1-40; crates/extractor/sql/assigned_tt.sql:1-14; crates/extractor/src/workpool.rs:1-10","물량 폭주나 미완료 주문 적체 시 반환 행 수가 늘어 90초 틱이 밀릴 수 있으며 실측이 없다","volume"
"VL-05","Oracle 동시성·타임아웃","모든 Oracle 접근은 외부 스크립트 remote-toolbox-sql을 프로세스로 띄워 수행하며 프로세스 전역 async Mutex로 직렬화되고 타임아웃은 추출기 90초 고정·scengen은 scenario.config.oracle_timeout_s(기본 45초)다.","확인","높음","crates/extractor/src/runner.rs:1-31; crates/extractor/src/runner.rs:38-70; crates/scengen/src/toolbox.rs:1-20,44-70; db/migrations/0093_scenario.sql:12-24","동시성 1이므로 쿼리 수를 늘리면 그대로 직렬 누적되며, Oracle 접근이 저장소 밖 스크립트에 의존하므로 이관·견적 범위에 그 스크립트를 포함해야 한다","volume"
"VL-06","웹소켓 수집 상수","GPS 웹소켓은 로컬 SSH 터널(127.0.0.1:9986)로 연결해 zone 핸드셰이크(identify → 2초 대기 → checkin) 후 수신하며 60초 수신 타임아웃과 2초→최대 30초 지수 백오프 재연결을 쓴다.","확인","높음","crates/api/src/livemap.rs:3005-3046; crates/api/src/livemap.rs:3056-3082; deploy/systemd/wp-ws-bridge.service:1-25","소스가 pong을 보내지 않으므로 죽은 소켓 탐지에 최대 60초가 걸린다(피드 장애 인지 지연 하한 60초)","volume"
"VL-07","신선도 상수 전수","라이브맵 신선도 임계는 fresh<15초·stale<=120초·lost>600초이며 프론트는 맵 stale 120초·피드 배너 red 60초·작업풀 FROZEN 300초·차량 PLC stale 30초를 별도로 쓴다.","확인","높음","crates/api/src/livemap.rs:27-32; crates/api/src/livemap.rs:2993-3003; web/src/App.tsx:65-86; web/src/LiveMapPage.tsx:1071-1078; web/src/TtPage.tsx:300-313; web/src/LiveVehicleDetail.tsx:193","'무엇이 라이브인가'의 정의가 층마다 달라 SLA 문구를 하나로 정해야 한다","volume"
"VL-08","웹소켓 처리량","GPS 메시지 빈도에 대한 문서 수치가 서로 다르다 — 약 40건/초와 약 965건/분(약 16건/초)이 병기되고 용량 문서는 GPS+PLC 약 70~90 msg/s로 적혀 있다. 코드에는 카운터만 있고 저장된 실측 로그가 없다.","상충","중간","kc/data/websocket-data.html:73; kc/data/websocket-data.html:101-104; kc/data/websocket-coverage.html:26; kc/reference/capacity-planning.html:41,97; crates/api/src/livemap.rs:1286-1295","수집 대역·CPU 견적의 기준값이 2.5배 차이 나며 저장소만으로는 확정 불가","volume"
"VL-09","GPS 케이던스 실측","[문서] 장비별 GPS 보고 간격은 TT p50 3.0초·p90 30초·p99 669초, RTG p50 60초·p90 1,029초이며 크레인 PLC는 크레인당 약 1초로 측정되어 있다.","확인","중간","kc/data/websocket-coverage.html:44-56; kc/data/websocket-data.html:70-72; crates/api/src/livemap.rs:4785-4790","근거가 KC 감사 문서의 단일 하루 실측이라 요일·계절 변동이 반영되지 않았고 RTG는 p50 60초라 핸드오버 타이밍에 부적합하다","volume"
"VL-10","매칭 문제 크기","Stage-2 매칭은 60초마다 돌며 비용 행렬은 [작업버킷]×[후보 차량] 밀집 행렬이고 유지 버킷 개수가 후보 트럭 수를 넘지 않도록 절단되므로 평가 쌍 수는 대략 트럭 수의 제곱 이하로 묶인다(솔버 입력은 arr<1800초로 프루닝).","확인","높음","crates/api/src/livemap.rs:4173-4180; crates/api/src/livemap.rs:4198-4275; crates/api/src/livemap.rs:4333-4360; crates/api/src/livemap.rs:4380-4413; crates/api/src/livemap.rs:3827-3831","후보 차량 pool 자체에는 상한이 없다 — 트럭이 크게 늘면 비용 계산·라우팅 호출이 제곱으로 증가한다","volume"
"VL-11","매칭 알고리즘·주기(문서 대 코드)","[문서] 용량 문서는 '헝가리안'과 '배차 결정 주기 이벤트/2~5초'라고 적었으나 코드의 최적 매칭은 SPFA 기반 min-cost max-flow이고 실행 주기는 60초 그림자다.","상충","높음","crates/api/src/livemap.rs:3855-3924; crates/api/src/livemap.rs:3926-3945; kc/reference/capacity-planning.html:27,44,48","견적서에 '이벤트 기반 2~5초 배차'로 쓰면 현 구현과 다르다 — 실시간화는 미구현 작업량이다","volume"
"VL-12","매칭 결과의 운영 반영","Stage-2 매칭 결과는 stage2_match_shadow / stage2_solver_shadow에 기록만 되고 TOS로 되돌려 배차를 바꾸지 않는다.","확인","높음","crates/api/src/livemap.rs:4446-4485; crates/api/src/main.rs:137; crates/api/src/livemap.rs:4415-4416","'배차 시스템'으로 견적할 때 실제 제어 루프(TOS 쓰기·현장 승인·롤백)가 아직 없다는 점이 최대 미구현 항목이다","volume"
"VL-13","연결 풀·리소스 상한","Postgres 커넥션 풀 상한은 API 8, 추출기 4, scengen 2로 고정되어 있고 시나리오 서브시스템은 대시보드 커넥션을 굶기지 않도록 의도적으로 작게 잡혀 있다.","확인","높음","crates/api/src/db.rs:1-13; crates/extractor/src/db.rs:1-16; crates/scengen/src/db.rs:1-14; crates/api/src/main.rs:115-142","API 8커넥션을 백그라운드 태스크 24개가 공유하므로 동시 사용자·잡이 늘면 acquire 대기가 병목이 될 수 있다(실측 없음)","volume"
"VL-14","고빈도 적재량·보존","가장 쓰기량이 많은 Postgres 테이블은 3초 주기 truck_pos_hifreq(5m 이상 이동 시만, 5일 보존)와 rtg_pos_hist(3초)이며 나머지 학습·그림자 테이블 보존은 2·3·4·5·7·14·21·30일로 코드에 하드코딩되어 있다.","확인","높음","crates/api/src/livemap.rs:4785-4832; db/migrations/0067_truck_pos_hifreq.sql:1-14; crates/api/src/main.rs:139-141; crates/api/src/livemap.rs:2514-2518; crates/api/src/livemap.rs:4482-4484","보존 정책이 코드에 흩어져 있어 운영자가 한곳에서 조정할 수 없고 200틱마다 DELETE라 대량 삭제가 몰릴 수 있다","volume"
"VL-15","보존 정책 문서-코드 불일치","tt_cycle_recon 스크립트와 systemd 유닛 주석은 truck_pos_hifreq 보존을 약 1일이라고 적었으나 실제 마이그레이션과 삭제 쿼리는 5일이다.","상충","높음","scripts/populate_tt_cycle_recon.sql:17-19; deploy/systemd/wp-tt-cycle-recon.service:8-11; crates/api/src/livemap.rs:4829; db/migrations/0067_truck_pos_hifreq.sql:5","운영 실태에 따라 recon 창이 과도하게 보수적이거나 반대로 GPS 결합 실패가 조용히 늘 수 있다","volume"
"VL-16","성능 시험·벤치마크","저장소에 부하시험·벤치마크·프로파일링 코드가 전혀 없다(테스트는 기능 단위뿐).","확인","높음","crates/extractor/tests/rollup_pg.rs; crates/extractor/tests/upsert_pg.rs; crates/extractor/tests/transform_pg.rs; kc/reference/capacity-planning.html:105","용량 산정 문서의 vCPU/RAM 수치는 전부 추정이며 문서 스스로 단서를 달았다 — 성능 검증 공수를 별도 계상해야 한다","volume"
"VL-17","장비 대수","TT·QC·RTG 총 대수를 정의한 코드 상수나 설정은 저장소에 없으며 근거는 KC 문서의 관측치(동시 추적 약 450대 = TT 약 280·RTG 약 100·QC 약 28, TOS 야드트랙터 495대 대비 웹소켓 관측 539대, 엔진ON 동시 약 138대)뿐이다.","추정","중간","kc/data/websocket-data.html:73; kc/data/websocket-data.html:103-105; kc/data/websocket-coverage.html:66; kc/dashboard/index.html:41; kc/learn/rtg-work-cycle.html:44","'TT 몇 대를 배차하는 시스템인가'가 견적의 핵심 규모 변수인데 권위 있는 대수 정의가 없어 계약 수치로 쓸 수 없다","volume"
"VL-18","장비 대수(상충)","RTG 대수는 문서 간 '약 100대'와 '187대'로, QC 대수는 '약 28대'와 '크레인 42~54대' 및 '학습된 크레인 작업지점 61대'로 서로 다르게 나타난다.","상충","중간","kc/dashboard/index.html:41; kc/learn/rtg-work-cycle.html:44; kc/data/websocket-data.html:73; kc/data/websocket-coverage.html:93; kc/data/websocket-coverage.html:69","장비 모수가 문서마다 달라 처리량·커버리지 분모 계산이 흔들린다 — 담당자 확인 없이는 견적 규모 변수로 쓸 수 없다","volume"
"VL-19","프론트 폴링 주기","화면은 서버 푸시 없이 전부 폴링이며 주기는 라이브맵 위치 2.5초, 피드헬스 1.5초, 헬스 배너 5초, LIVE 탭 20초, 작업풀·Stage2·헬스 15초, 대시보드·싸이클·러닝 30~60초다.","확인","높음","web/src/LiveMapPage.tsx:893; web/src/FeedHealthPage.tsx:55; web/src/App.tsx:50,86,223,254,603; web/src/TtPage.tsx:38-51,276; web/src/Stage2Page.tsx:68; web/src/CyclesPage.tsx:249; web/src/LearnPage.tsx:272,683","동시 사용자 수 × 폴링 빈도가 API 부하의 주 요인이며 특히 라이브맵 2.5초 폴링은 사용자당 초당 0.4요청이다","volume"
"VL-20","화면 표시 지연(의도적 버퍼)","라이브맵은 GPS 결손·스파이크로 인한 깜빡임을 줄이려고 기본 5초 지연 버퍼를 두고 보간 재생하며 사용자가 지연 폭을 선택할 수 있다.","확인","높음","web/src/LiveMapPage.tsx:453-454; web/src/LiveMapPage.tsx:986-993; web/src/LiveMapPage.tsx:1122","화면상 '지금'은 최소 5초 과거다 — 종단 지연 SLA에 이 버퍼를 포함해야 한다","volume"
"VL-21","지연 체인 종단","실제 상태 발생 → TOS Oracle 반영 → 우리 수집 → 처리 → 화면 표시 중 어느 구간에도 측정된 지연 값이 저장소에 없다(폴링 주기와 표시 버퍼만 알 수 있다).","미확인","높음","crates/extractor/sql/workpool.sql:22; deploy/systemd/wp-workpool.timer:5-7; web/src/LiveMapPage.tsx:453","'실시간'을 약속하려면 최소한 현장 이벤트 → JOB_ORDER_LIST.UPD_DT 반영 지연을 측정해야 한다","volume"
"VL-22","TOS 원천 보존","[문서] TOS Oracle은 롤링 보존이라 JOB_ORDER_HISTORY 약 15일, MCH_OPERATION/VSS_STATISTICS 약 35일 이후 삭제되므로 깊은 백필이 불가능하고 과거 깊이는 추출 시작 시점부터만 누적된다.","확인","중간","kc/data/tos-db-reference.html:24-35; kc/reference/capacity-planning.html:90","학습 데이터 확보가 '지금부터 매일 적재' 외 방법이 없어 2단계 예측 모델 일정이 데이터 누적 기간에 종속된다","volume"
"VL-23","스토리지 견적 근거","[문서] 용량 문서는 GPS 원시 보관을 약 0.5~0.8 GB/일(연 약 200~300 GB), 서빙 Postgres를 100→150→250 GB SSD로 제시하지만 이는 추정치이며 실제 테이블 크기 측정 결과는 저장소에 없다.","추정","중간","kc/reference/capacity-planning.html:92-101; crates/api/src/learn.rs:697","21~30일 보존 그림자 테이블이 다수라 실제 증가율 측정이 필요하다","volume"
"DC-01","2단계 배차 설계(문서 주장)","[문서] 지식센터는 배차를 '데드라인 인지 2단계'로 정의한다 — 1단계는 트럭 위치를 보지 않고 출항시각 역산으로 작업별 배차 마감을 정하는 수요 결정, 2단계는 트럭×작업 비용행렬(free_in + 작업지점까지 빈차 이동시간)로 도착시간 합을 최소화하는 매칭이다.","확인","높음","kc/dispatch/index.html:1-60; kc/dispatch/stage2-design.html:1-60; kc/dispatch/service2-overview.html:1-60","","docs"
"DC-02","현재 상태 주장 vs 코드","문서는 1·2단계 모두 '라이브이지만 추천만인 그림자 모드'라고 주장하며 코드도 60초 주기로 stage2_match_shadow에만 적재하고 실제 배차를 건드리지 않아 이 주장은 코드와 일치한다.","확인","높음","kc/dispatch/index.html:20-26; crates/api/src/livemap.rs:4173-4200; db/migrations/0052_stage2_match_shadow.sql:1-5; web/src/HealthPage.tsx:100-110","","docs"
"DC-03","최적매칭 이득 수치(상충)","최적(MCMF) 매칭이 그리디 대비 얼마나 이득인지에 대해 문서 수치가 크게 다르다 — '총 도착시간 약 40% 감소', '38~43% 절감' 대 '최적 매칭 이득 -5.1%'. 세 값은 지표 정의·기준선·측정창이 서로 다르고, 코드 내 정의도 gap_pct=(greedy-opt)/opt와 savings_pct=(greedy-opt)/greedy 둘이 공존한다.","상충","높음","kc/dispatch/stage2-journey.html:40; kc/data/tos-verification.html:59; kc/start/launch-plan.html:32; crates/api/src/livemap.rs:4476; crates/api/src/workpool.rs:921-928","고객 자료에 40%를 인용하면 다른 지표(-5.1%)와 충돌해 효과 약속의 신뢰도가 무너진다 — 공식 수치·정의·측정창을 하나로 확정해야 한다","docs"
"DC-04","가치·절감 주장의 출처와 한계","'우리가 TOS보다 공차 이동을 N% 줄인다'는 수치는 DB에 고정 저장된 값이 아니라 fair_compare에서 계산된 최근 평균이며, 화면 자체가 '절감은 거의 전부 원거리 교정에서 나오고 단거리에서는 우리가 더 나쁠 수 있다'고 한계를 밝힌다.","확인","높음","web/src/Stage2Page.tsx:90-131; db/migrations/0061_fair_compare_shadow.sql:1-8; kc/start/launch-plan.html:55","수치가 코드 계산 결과라 기간·표본에 따라 흔들려 고정 수치로 인용하면 재현 불가","docs"
"DC-05","가치 상한 가정","[문서] 시뮬레이터 기획은 종단 KPI에 '달성 가능분 F% = (시뮬 절감)/(fair_compare 상한 약 30%)'라는 식을 두어 fair_compare 절감의 상한을 약 30%로 가정한다.","확인","중간","kc/dispatch/simulator-spec.html:171","약 30%가 근거 링크 없이 상수로 쓰여 F% 분모가 흔들리면 시뮬 결과 해석이 통째로 바뀐다","docs"
"DC-06","목적함수(문서 vs 코드)","일부 문서는 2단계 최적화가 '급한 작업엔 가산점'을 준다고 서술하지만 코드는 긴급도·기아·부하분산을 비용행렬 항으로 넣지 않고 1단계 작업풀 정렬과 크레인별 상한으로만 처리한다.","상충","높음","kc/dashboard/stage2-match.html:57; kc/dispatch/stage2-journey.html:39; crates/api/src/livemap.rs:3822-3831; crates/api/src/livemap.rs:4327-4333","설명과 실제 목적함수가 달라 고객 Q&A·검증 설계에서 잘못된 기대를 만든다","docs"
"DC-07","안정화(anti-thrash) 수치 검증","문서의 '새 작업이 약 3분 이상 더 좋아질 때만 바꾼다'는 서술은 코드 상수 SWITCH_PENALTY_S=180초와 일치하나, 코드에 추가로 존재하는 10분 커밋 윈도우(COMMIT_WINDOW_MS=600000, COMMIT_LOCK_S=1200) 잠금은 어느 문서에도 서술되어 있지 않다.","확인","높음","crates/api/src/livemap.rs:3814-3822; kc/dashboard/stage2-match.html:40-46","운영자가 '3분 규칙'만 알고 있으면 배차 추천이 안 바뀌는 케이스를 오해한다","docs"
"DC-08","KPI·보호조건 주장","[문서] 문서가 정의한 검증·승격 KPI는 이동시간 예측 정확도, 작업 순위 정확도, 근방 유휴 비효율 포착, 배정 출렁임, 마감 충족률이며 롤아웃 게이트로 5개 Go/No-Go 조건과 즉시 끄기·최근접 폴백·사람 우선의 안전장치를 명시한다.","확인","높음","kc/dispatch/stage2-design.html:60-75; kc/dispatch/stage2-rollout.html:1-60","안전장치는 계획 서술이며 대응 코드는 미구현","docs"
"DC-09","핵심 운영 진단(문서 주장)","[문서] 문서는 '평소에는 트럭 부족으로 크레인이 멈추는 일이 드물고 크레인 멈춤의 거의 100%가 약 600m 이내에 빈 트럭이 있는 상태였다'고 주장하며 가치 축을 '멈춤 방지'에서 '효율'로 옮겼다고 기록한다.","확인","높음","kc/dispatch/stage2-journey.html:50-56; kc/dispatch/stage1-journey.html:30-45; kc/dashboard/stage2-match.html:48-56","이 진단이 틀리면 목적함수(순수 효율)의 전제가 무너진다 — 바쁜 시기 데이터 미확보를 문서 스스로 인정","docs"
"DC-10","알려진 구조적 한계","[문서] 지식센터는 세 가지 한계를 명시한다 — 차량 GPS 단말이 정지 중 침묵해 대기·유휴 리드타임이 구조적으로 과소집계되고, MCH_OPERATION은 작업 완료 시점에 행을 생성해 실시간 진행 신호가 없으며, 그 결과 개별 트럭 유휴 리드타임 예측을 불가로 확정(ADR 0002)하고 중앙값+p90 보수 방어로 대체했다.","확인","높음","kc/dispatch/leadtime-adr.html:1-80; kc/data/websocket-coverage.html:41,67","곧-유휴 후보 풀 정확도의 상한이 데이터 수집 한계에 묶여 있다(터미널 측 단말 재설정 없이는 개선 불가)","docs"
"DC-11","이동시간(비용) 정의 정정 이력","문서는 배차 비용의 이동시간을 '출발부터 작업지점 도달까지의 구간 시간(경로 정체 포함, 도착 후 크레인 대기 제외)'으로 2026-07-01 정정했고, 계산은 추론 도로망 경로시간을 실측 곡선(p50/p90)으로 변환하며 라우팅 실패 쌍만 맨해튼 폴백한다고 서술 — 코드의 SEG_SPEED_MS=3.30 폴백과 격자 폐기와 일치한다.","확인","높음","kc/learn/travel-time.html:39; kc/dispatch/stage2-design.html:35-50; crates/api/src/livemap.rs:3838-3846","","docs"
"DC-12","루트 README 노후화","루트 README는 저장소를 '6개 KPI 대시보드'로만 기술하고 초기 커밋 이후 갱신되지 않아 GPS 라이브맵·2단계 배차 그림자·학습·scengen을 전혀 담지 못한다(KPI 키도 코드에는 9개 존재).","상충","높음","README.md:1-30; crates/core/src/kpi.rs:35-43; kc/start/prd.html:30-40","신규 인원·외부 검토자가 README만 보면 서비스 범위를 대시보드로 오인한다","docs"
"DC-13","systemd 문서 노후화","deploy/systemd/README.md는 타이머 5종만 문서화하지만 실제 유닛 디렉터리에는 39개 파일(.service 20 + .timer 18 + README)이 존재해 배포 절차 문서가 실제 구성과 어긋난다.","상충","높음","deploy/systemd/README.md:1-20; deploy/systemd/","인수인계·재구축 시 필수 타이머 누락(예: scenario collector, tt-move-log)으로 데이터 결손이 발생한다","docs"
"DC-14","고객 세션 자료 vs 현재 범위","2026-06-08 고객 세션 자료는 UAT 8/3~8/14 후 8/17 1단계 실운영 투입, 10/30 2단계 전환을 제시했으나 2026-07 시점 저장소는 여전히 Phase 0 그림자이고 A1·A2·D2가 모두 미착수이며, 비용도 처음부터 시간 기반이라 '거리만 쓰는 1단계'는 실제로 존재하지 않는다.","상충","높음","docs/2026-06-08-tt-assignment-customer-session-ko.html; kc/start/launch-plan.html:40-70; kc/dispatch/index.html:20-26","약속된 실투입 일정과 현재 준비도(출력 채널 부재) 간 격차 — 일정·범위는 Service 2 담당 PM 확인 필요","docs"
"DC-15","고객 세션이 제시한 KPI·목표치","고객 세션 자료는 주 가설 지표를 '작업당 공차 이동 거리'로 두고 목표치(공차거리 -8%/-15% 등)와 교대 단위·4주 베이스라인·p<0.05 판정 설계를 제시했으나 지식센터 롤아웃 게이트는 이 수치를 인용하지 않고 정성적 Go/No-Go 조건만 둔다.","상충","중간","docs/2026-06-08-tt-assignment-customer-session-ko.html; kc/dispatch/stage2-rollout.html:30-48; kc/start/launch-plan.html:70-80","판정 기준이 이원화되어 있어 효과 판정 기준 확정이 필요하다(Service 2 담당 PM 확인 필요)","docs"
"DC-16","AS-IS(현행 TOS 로직) 근거","고객 세션 자료는 현행 TOS가 '유휴 시 즉시 1:1 할당·가장 가까운 작업·사후 스왑 보정'이라고 단정하지만 저장소 안에 이를 확인한 코드·추출·검증 문서가 없고 시뮬레이터 기획은 오히려 'TOS 알고리즘 역공학 금지'라고 적는다.","상충","중간","docs/2026-06-08-tt-assignment-customer-session-ko.html; kc/dispatch/simulator-spec.html:168","AS-IS 서술이 미검증 가정 위에 있어 비교 베이스라인·이득 주장이 반박당할 수 있다","docs"
"DC-17","사이클 v2 설계문서 vs 현재 사용","docs/cycle-detection-v2-design.md는 tt_cycle_v2를 '게이트 통과 시에만 승격하는 그림자 테이블'로 규정했지만 현재 코드는 이를 이동시간 학습·free_in 정답·카탈로그의 상시 소스로 쓰고, 사이클 화면·cycle-time KPI는 tt_move_log/tt_cycle_recon으로 재정의되어 설계문서가 낡았다.","상충","높음","docs/cycle-detection-v2-design.md:5-14,101-128; crates/api/src/learn.rs:379-392,638-641; crates/api/src/cycles.rs:8-11","설계문서만 보고 v2를 실험 테이블로 오인하면 스키마 변경 시 학습 파이프라인이 파손된다","docs"
"DC-18","미문서화 서브시스템","scengen 크레이트와 scenario 스키마(마이그레이션 0093~0098, systemd 유닛 6종)는 저장소에 존재하지만 지식센터에는 시뮬레이터 '기획' 문서만 있고 scengen 구현·수집기·킬스위치를 설명하는 페이지가 없다.","확인","높음","db/migrations/0093_scenario.sql:1-14; kc/dispatch/simulator-spec.html:1-20; deploy/systemd/","운영 인수인계 시 수집기 정지·재기동 방법이 마이그레이션 주석에만 존재한다","docs"
"DC-19","미해결 결정사항","README의 Open decisions 4건(KPI 일 집계 규칙, per-QC 공차·크레인대기 소스 SQL, 유의성 검정 단위, KPI 목표·우수 임계값 미승인)과 PRD의 열린 질문(AI 배차 1차 목표 지표, 운영자 단일 화면)이 여전히 미결로 남아 있다.","확인","높음","README.md:86-92; kc/start/prd.html:55-70; kc/learn/learning-center.html:94","목표 지표 미확정 상태에서는 효과 판정 게이트를 통과시킬 수 없다","docs"
"DC-20","지식센터 서빙 경로","지식센터는 빌드 없는 정적 HTML로 API 바이너리가 /kc 경로에 ServeDir로 직접 서빙하며(KC_DIR로 재정의 가능) 2026-07에 Astro Starlight에서 이관되었다 — docs-site 디렉터리는 현재 저장소에 없다.","확인","높음","crates/api/src/main.rs:79-93","","docs"
"DC-21","live-map 개발 명세 노후화","live-map-dev-guide.md는 2026-06-04 작성·미갱신(draft) 상태로 상태값을 TRAVELING/IDLE/LOADING/UNLOADING/STOPPED 5종으로 기술하지만 현행 분류는 idle·staging·empty_travel·delivering·wait_rtg·soon_idle 6종이다.","상충","중간","live-map-dev-guide.md:1-50; kc/dashboard/dispatch.html:20-60","명세서를 그대로 재구현 지시로 넘기면 상태 정의가 현행과 어긋난다","docs"
"CR-01","누락 데이터소스","세 번째 TOS 경로인 Azure tos_etw_gateway HTTP REST 스냅샷(GET /v1/voyages/{vessel}/{voyage}/snapshot)이 90초 워크풀 틱마다 curl로 호출되어 tos_etw_cntr에 컨테이너별 ETW를 적재하지만 8개 트랙 어디에도 인벤토리되지 않았다.","확인","높음","crates/extractor/src/workpool.rs:114-170; crates/extractor/src/workpool.rs:109","'무엇을 읽는가'와 '게이트웨이 계약'의 핵심 답이 빠진 채 견적이 나가면 REST 게이트웨이 연동·인증·SLA·버전 계약이 범위에서 통째로 누락된다","critic"
"CR-02","배포 산출물 누락","코드가 전제하는 wp-etw-bridge SSH 터널 유닛 파일이 deploy/systemd에 존재하지 않는다(호스트에만 존재).","상충","높음","crates/extractor/src/workpool.rs:114-116; deploy/systemd/; crates/extractor/src/workpool.rs:137-140","인수인계·재구축 시 ETW 경로가 조용히 죽고 워크풀은 warn 로그만 남긴 채 계속 돌아 열화 상태를 알아채기 어렵다","critic"
"CR-03","외부 네트워크 의존","추출기는 Oracle 외에 공용 인터넷 API 2종(api.open-meteo.com 매시, api.tomorrow.io 3분 주기·TOMORROW_API_KEY 필요)을 curl로 호출해 날씨 테이블에 적재한다.","확인","높음","crates/extractor/src/weather.rs:1-33; crates/extractor/src/weather.rs:73-99; deploy/systemd/wp-weather.timer:5-7; deploy/systemd/wp-weather-live.timer:5-7","이동시간 모델 피처가 외부 무료 API 쿼터에 묶여 있어 폐쇄망 이관 시 피처 결측이 발생한다","critic"
"CR-04","배포 산출물 누락","상시 구동되는 대시보드 API(wp-api)의 systemd 유닛이 저장소에 없는데 지식센터 운영 문서는 systemctl --user restart wp-api.service가 존재한다고 안내한다. [호스트] 해당 유닛은 enabled + active(Restart=always/3s)로 확인된다.","상충","높음","deploy/systemd/; kc/reference/references.html:32; crates/api/src/main.rs:115-139","GPS 수집·Stage-2 매칭·다수 적재 태스크가 모두 이 프로세스 안에 있으므로 유닛 정의가 저장소 밖이면 이관·재해복구가 불가능하다","critic"
"CR-05","스케줄 산출물 누락","매시 도로망 재추론(scripts/reinfer_roadgraph.sh)과 15분 주기 이동시간 GBM 그림자(scripts/travel_gbm_shadow.py)는 systemd 타이머가 아니라 crontab으로 돌지만 crontab 정의가 저장소에 없다. [호스트] crontab 2건 등록 확인.","확인","높음","scripts/reinfer_roadgraph.sh:1-6; scripts/travel_gbm_shadow.py:1-6; kc/learn/travel-time.html:74; [호스트] crontab -l 관찰","배차 비용의 본체인 도로망 그래프 생산이 버전관리되지 않은 cron에 의존 — 이관 시 누락되면 비용 곡선이 서서히 틀어진다","critic"
"CR-06","비밀정보 취급","운영 스크립트와 배치 파이썬에 Postgres 계정 비밀번호가 평문 하드코딩되어 있고 GPS 웹소켓 접속 자격증명도 코드 기본값으로 박혀 있다(값은 <redacted>).","확인","높음","scripts/reinfer_roadgraph.sh:8; scripts/estimate_equipment_specs.sh:17; scripts/travel_gbm_shadow.py:14; crates/api/src/livemap.rs:3005-3009","저장소가 곧 자격증명 저장소가 되어 있어 외부 인수·형상관리 시 비밀 회전 절차가 필요하다","critic"
"CR-07","출력 계약","Stage-2 권고 산출물에는 컨테이너번호·작업지시 ID(MSNSEQ 등)가 없고 (ytno, QC, vessel, queuename, jobtype, src_block) 버킷 단위 행만 저장된다.","확인","높음","db/migrations/0052_stage2_match_shadow.sql:5-22; crates/api/src/workpool.rs:796-822","TOS로 배차를 전달하려면 '어느 작업지시를 어느 TT에'가 필요한데 현재 스키마·매칭 입력이 모두 버킷 집계라 실배차 연동은 스키마 변경과 개별 작업 단위 재설계를 수반한다","critic"
"CR-08","장애 Fallback","Stage-2 그림자 매칭은 GPS 웹소켓 연결 여부만 게이트로 삼고 Oracle 미러(live_workpool)의 신선도는 검사하지 않는다 — 300초 FROZEN 판정은 프론트엔드에만 있다.","확인","높음","crates/api/src/livemap.rs:4173-4183; crates/api/src/workpool.rs:183-187; web/src/TtPage.tsx:583","워크풀 타이머가 죽어도 매칭은 낡은 작업목록으로 계속 산출·기록되어 그림자 지표가 조용히 오염되며, 실배차 승격 시 곧바로 오배차 경로가 된다","critic"
"CR-09","DB 형상관리","마이그레이션 적용기가 코드·스크립트에 없고(sqlx::migrate! 호출 0건) 0098 번호가 서로 다른 두 파일에 중복 부여되어 있다.","확인","높음","db/migrations/; Cargo.toml:26-29","적용 순서·이력 테이블이 없어 어느 환경에 무엇이 적용됐는지 확인 불가 — 이관·재구축 시 스키마 드리프트 위험이 크다","critic"
"CR-10","백업·자산","Postgres 백업·복구 절차가 저장소 전체에 없고(pg_dump 히트 0건) 학습 산출물 data/travel_gbm.pkl은 .gitignore로 버전관리에서 제외돼 있다.","확인","높음",".gitignore:1-8; scripts/; scripts/travel_gbm_shadow.py:11-13","학습으로 축적된 자산(도로망·작업지점·free_in·GBM 모델)이 단일 호스트 DB와 gitignore된 디렉터리에만 존재해 호스트 손실 시 수개월 학습분이 소멸한다","critic"
"CR-11","데이터 계약","API 계약 산출물이 존재하지 않는다 — utoipa 의존성이 워크스페이스에 선언돼 있으나 코드 사용 0건이고 OpenAPI/AsyncAPI/JSON 스키마 파일도 없다. 라우트 31개는 코드에만 정의된다.","확인","높음","Cargo.toml:32; crates/api/src/ (utoipa 히트 0건); crates/api/src/main.rs:45-75","공통 게이트웨이와 공유할 계약을 정의하려면 Rust 구조체와 web/src 타입을 역공학해야 한다 — 계약 문서화 공수가 별도로 필요하다","critic"
"CR-12","매칭 모델 완결성","Stage-2 비용·제약에 트윈/탠덤 등 작업 단위 특성이 반영되지 않고 작업은 버킷 수량 n으로만 다뤄진다(트윈 정보는 표시·사이클 계측 쪽에만 존재).","추정","중간","crates/api/src/workpool.rs:796-822; crates/api/src/livemap.rs:2790-2860; crates/api/src/livemap.rs:4325-4366","트윈 작업 1회가 컨테이너 2개를 소화하는 현실과 수요 산정이 어긋나면 크레인별 수요 상한이 과대 산정될 수 있다","critic"
"CR-13","시험 커버리지","통합 테스트 3개(transform_pg·rollup_pg·upsert_pg)는 실 Postgres를 요구하고, 배차 매칭(Mcmf)·도로망 라우팅에 대한 회귀 테스트는 없다.","확인","높음","crates/extractor/tests/transform_pg.rs:1-20; crates/extractor/tests/rollup_pg.rs:1-20; crates/api/src/livemap.rs:3855-3966","배차 로직 변경 시 회귀를 잡을 자동 안전망이 없어 실배차 승격 단계에서 검증 체계 구축 비용이 별도로 발생한다","critic"
"CR-14","조사 스냅샷 정합","조사 시점 워킹트리 미커밋 변경은 5건이다(crates/api/src/cycles.rs, scripts/populate_tt_cycle_recon.sql, web/public/livemap-roadgraph.geojson, web/src/CyclesPage.tsx, web/src/api.ts). 조사 중 3건에서 5건으로 늘었으며 이는 외부 동시 작업에 의한 변경이다.","확인","높음","git status","사이클 KPI·프론트 API 계약이 미커밋 상태로 변경 중이라 인용한 수치·엔드포인트가 커밋 후 달라질 수 있다","critic"
"CR-15","문서 드리프트","stage2_match_shadow 스키마 주석의 cost_tier 설명(L2 225m 격자)이 현재 코드(R=라우팅 / L3=맨해튼 학습곡선)와 어긋난다.","상충","중간","db/migrations/0052_stage2_match_shadow.sql:19; crates/api/src/livemap.rs:4308-4324","그림자 데이터를 외부에 제시할 때 tier 해석이 틀릴 수 있다","critic"
